project,timecreated_i,modules_i,revisions_i,timecreated_i+1,modules_i+1,revisions_i+1,covered_line_i,total_line_i,covered_line_i+1,total_line_i+1,diff_total_line,diff_coverage
libhtp,2019-03-13 13:57:37.818000,"{libhtp,libfuzzer}","{b5ca7340d36a5ee7f20383796e2fbda3a698bd9b,356050}",2019-03-14 13:56:14.702000,"{libhtp,libfuzzer}","{b5ca7340d36a5ee7f20383796e2fbda3a698bd9b,356145}",6380.0,10345.0,6380.0,10345.0,0.0,0.0
libhtp,2019-03-14 13:56:14.702000,"{libhtp,libfuzzer}","{b5ca7340d36a5ee7f20383796e2fbda3a698bd9b,356145}",2019-03-15 13:55:12.016000,"{libhtp,libfuzzer}","{b5ca7340d36a5ee7f20383796e2fbda3a698bd9b,356260}",6380.0,10345.0,6380.0,10345.0,0.0,0.0
libhtp,2019-03-15 13:55:12.016000,"{libhtp,libfuzzer}","{b5ca7340d36a5ee7f20383796e2fbda3a698bd9b,356260}",2019-03-16 13:54:29.106000,"{libhtp,libfuzzer}","{b5ca7340d36a5ee7f20383796e2fbda3a698bd9b,356323}",6380.0,10345.0,6380.0,10345.0,0.0,0.0
libhtp,2019-03-16 13:54:29.106000,"{libhtp,libfuzzer}","{b5ca7340d36a5ee7f20383796e2fbda3a698bd9b,356323}",2019-03-17 13:55:10.002000,"{libhtp,libfuzzer}","{b5ca7340d36a5ee7f20383796e2fbda3a698bd9b,356331}",6380.0,10345.0,6380.0,10345.0,0.0,0.0
libhtp,2019-03-17 13:55:10.002000,"{libhtp,libfuzzer}","{b5ca7340d36a5ee7f20383796e2fbda3a698bd9b,356331}",2019-03-18 13:57:11.455000,"{libhtp,libfuzzer}","{b5ca7340d36a5ee7f20383796e2fbda3a698bd9b,356368}",6380.0,10345.0,6380.0,10345.0,0.0,0.0
libhtp,2019-03-18 13:57:11.455000,"{libhtp,libfuzzer}","{b5ca7340d36a5ee7f20383796e2fbda3a698bd9b,356368}",2019-03-19 13:53:46.574000,"{libhtp,libfuzzer}","{b5ca7340d36a5ee7f20383796e2fbda3a698bd9b,356454}",6380.0,10345.0,6380.0,10345.0,0.0,0.0
libhtp,2019-03-19 13:53:46.574000,"{libhtp,libfuzzer}","{b5ca7340d36a5ee7f20383796e2fbda3a698bd9b,356454}",2019-03-20 13:52:56.702000,"{libhtp,libfuzzer}","{b5ca7340d36a5ee7f20383796e2fbda3a698bd9b,356553}",6380.0,10345.0,6380.0,10345.0,0.0,0.0
libhtp,2019-03-20 13:52:56.702000,"{libhtp,libfuzzer}","{b5ca7340d36a5ee7f20383796e2fbda3a698bd9b,356553}",2019-03-21 13:55:54.840000,"{libhtp,libfuzzer}","{b5ca7340d36a5ee7f20383796e2fbda3a698bd9b,356664}",6380.0,10345.0,6380.0,10345.0,0.0,0.0
libhtp,2019-03-21 13:55:54.840000,"{libhtp,libfuzzer}","{b5ca7340d36a5ee7f20383796e2fbda3a698bd9b,356664}",2019-03-22 13:56:26.222000,"{libhtp,libfuzzer}","{b5ca7340d36a5ee7f20383796e2fbda3a698bd9b,356750}",6380.0,10345.0,6380.0,10345.0,0.0,0.0
libhtp,2019-03-22 13:56:26.222000,"{libhtp,libfuzzer}","{b5ca7340d36a5ee7f20383796e2fbda3a698bd9b,356750}",2019-03-23 13:54:02.033000,"{libhtp,libfuzzer}","{b5ca7340d36a5ee7f20383796e2fbda3a698bd9b,356832}",6380.0,10345.0,6380.0,10345.0,0.0,0.0
libhtp,2019-03-23 13:54:02.033000,"{libhtp,libfuzzer}","{b5ca7340d36a5ee7f20383796e2fbda3a698bd9b,356832}",2019-03-24 13:54:48.834000,"{libhtp,libfuzzer}","{b5ca7340d36a5ee7f20383796e2fbda3a698bd9b,356854}",6380.0,10345.0,6380.0,10345.0,0.0,0.0
libhtp,2019-03-24 13:54:48.834000,"{libhtp,libfuzzer}","{b5ca7340d36a5ee7f20383796e2fbda3a698bd9b,356854}",2019-03-25 14:02:16.168000,"{libhtp,libfuzzer}","{b5ca7340d36a5ee7f20383796e2fbda3a698bd9b,356896}",6380.0,10345.0,6380.0,10345.0,0.0,0.0
libhtp,2019-03-25 14:02:16.168000,"{libhtp,libfuzzer}","{b5ca7340d36a5ee7f20383796e2fbda3a698bd9b,356896}",2019-04-01 13:54:54.641000,"{libhtp,libfuzzer}","{b5ca7340d36a5ee7f20383796e2fbda3a698bd9b,357385}",6380.0,10345.0,6380.0,10345.0,0.0,0.0
libhtp,2019-04-01 13:54:54.641000,"{libhtp,libfuzzer}","{b5ca7340d36a5ee7f20383796e2fbda3a698bd9b,357385}",2019-04-02 15:39:40.722000,"{libhtp,libfuzzer}","{b5ca7340d36a5ee7f20383796e2fbda3a698bd9b,357481}",6380.0,10345.0,6380.0,10345.0,0.0,0.0
libhtp,2019-04-02 15:39:40.722000,"{libhtp,libfuzzer}","{b5ca7340d36a5ee7f20383796e2fbda3a698bd9b,357481}",2019-04-03 13:50:16.286000,"{libhtp,libfuzzer}","{b5ca7340d36a5ee7f20383796e2fbda3a698bd9b,357580}",6380.0,10345.0,6380.0,10345.0,0.0,0.0
libhtp,2019-04-03 13:50:16.286000,"{libhtp,libfuzzer}","{b5ca7340d36a5ee7f20383796e2fbda3a698bd9b,357580}",2019-04-04 13:53:05.404000,"{libhtp,libfuzzer}","{b5ca7340d36a5ee7f20383796e2fbda3a698bd9b,357693}",6380.0,10345.0,6380.0,10345.0,0.0,0.0
libhtp,2019-04-04 13:53:05.404000,"{libhtp,libfuzzer}","{b5ca7340d36a5ee7f20383796e2fbda3a698bd9b,357693}",2019-04-05 13:54:37.475000,"{libhtp,libfuzzer}","{b5ca7340d36a5ee7f20383796e2fbda3a698bd9b,357760}",6380.0,10345.0,6380.0,10345.0,0.0,0.0
libhtp,2019-04-05 13:54:37.475000,"{libhtp,libfuzzer}","{b5ca7340d36a5ee7f20383796e2fbda3a698bd9b,357760}",2019-04-06 13:52:22.676000,"{libhtp,libfuzzer}","{b5ca7340d36a5ee7f20383796e2fbda3a698bd9b,357838}",6380.0,10345.0,6380.0,10345.0,0.0,0.0
libhtp,2019-04-06 13:52:22.676000,"{libhtp,libfuzzer}","{b5ca7340d36a5ee7f20383796e2fbda3a698bd9b,357838}",2019-04-07 13:50:05.884000,"{libhtp,libfuzzer}","{b5ca7340d36a5ee7f20383796e2fbda3a698bd9b,357865}",6380.0,10345.0,6380.0,10345.0,0.0,0.0
libhtp,2019-04-07 13:50:05.884000,"{libhtp,libfuzzer}","{b5ca7340d36a5ee7f20383796e2fbda3a698bd9b,357865}",2019-04-08 13:52:15.979000,"{libhtp,libfuzzer}","{b5ca7340d36a5ee7f20383796e2fbda3a698bd9b,357911}",6380.0,10345.0,6380.0,10345.0,0.0,0.0
libhtp,2019-04-08 13:52:15.979000,"{libhtp,libfuzzer}","{b5ca7340d36a5ee7f20383796e2fbda3a698bd9b,357911}",2019-04-09 14:00:52.200000,"{libhtp,libfuzzer}","{b5ca7340d36a5ee7f20383796e2fbda3a698bd9b,358003}",6380.0,10345.0,6380.0,10345.0,0.0,0.0
libhtp,2019-04-09 14:00:52.200000,"{libhtp,libfuzzer}","{b5ca7340d36a5ee7f20383796e2fbda3a698bd9b,358003}",2019-04-10 13:55:35.710000,"{libhtp,libfuzzer}","{b5ca7340d36a5ee7f20383796e2fbda3a698bd9b,358083}",6380.0,10345.0,6380.0,10345.0,0.0,0.0
libhtp,2019-04-10 13:55:35.710000,"{libhtp,libfuzzer}","{b5ca7340d36a5ee7f20383796e2fbda3a698bd9b,358083}",2019-04-11 13:55:04.808000,"{libhtp,libfuzzer}","{b5ca7340d36a5ee7f20383796e2fbda3a698bd9b,358166}",6380.0,10345.0,6380.0,10345.0,0.0,0.0
libhtp,2019-04-11 13:55:04.808000,"{libhtp,libfuzzer}","{b5ca7340d36a5ee7f20383796e2fbda3a698bd9b,358166}",2019-04-12 13:51:23.795000,"{libhtp,libfuzzer}","{b5ca7340d36a5ee7f20383796e2fbda3a698bd9b,358284}",6380.0,10345.0,6380.0,10345.0,0.0,0.0
libhtp,2019-04-12 13:51:23.795000,"{libhtp,libfuzzer}","{b5ca7340d36a5ee7f20383796e2fbda3a698bd9b,358284}",2019-04-13 13:56:23.355000,"{libhtp,libfuzzer}","{b5ca7340d36a5ee7f20383796e2fbda3a698bd9b,358332}",6380.0,10345.0,6380.0,10345.0,0.0,0.0
libhtp,2019-04-13 13:56:23.355000,"{libhtp,libfuzzer}","{b5ca7340d36a5ee7f20383796e2fbda3a698bd9b,358332}",2019-04-14 13:52:10.315000,"{libhtp,libfuzzer}","{b5ca7340d36a5ee7f20383796e2fbda3a698bd9b,358356}",6380.0,10345.0,6380.0,10345.0,0.0,0.0
libhtp,2019-04-14 13:52:10.315000,"{libhtp,libfuzzer}","{b5ca7340d36a5ee7f20383796e2fbda3a698bd9b,358356}",2019-04-15 13:59:12.545000,"{libhtp,libfuzzer}","{b5ca7340d36a5ee7f20383796e2fbda3a698bd9b,358406}",6380.0,10345.0,6380.0,10345.0,0.0,0.0
libhtp,2019-04-15 13:59:12.545000,"{libhtp,libfuzzer}","{b5ca7340d36a5ee7f20383796e2fbda3a698bd9b,358406}",2019-04-16 14:11:27.847000,"{libhtp,libfuzzer}","{b5ca7340d36a5ee7f20383796e2fbda3a698bd9b,358491}",6380.0,10345.0,6380.0,10345.0,0.0,0.0
libhtp,2019-04-16 14:11:27.847000,"{libhtp,libfuzzer}","{b5ca7340d36a5ee7f20383796e2fbda3a698bd9b,358491}",2019-04-17 13:58:16.116000,"{libhtp,libfuzzer}","{b5ca7340d36a5ee7f20383796e2fbda3a698bd9b,358578}",6380.0,10345.0,6380.0,10345.0,0.0,0.0
libhtp,2019-04-17 13:58:16.116000,"{libhtp,libfuzzer}","{b5ca7340d36a5ee7f20383796e2fbda3a698bd9b,358578}",2019-04-18 13:55:39.768000,"{libhtp,libfuzzer}","{b5ca7340d36a5ee7f20383796e2fbda3a698bd9b,358665}",6380.0,10345.0,6380.0,10345.0,0.0,0.0
libhtp,2019-04-18 13:55:39.768000,"{libhtp,libfuzzer}","{b5ca7340d36a5ee7f20383796e2fbda3a698bd9b,358665}",2019-04-19 13:53:54.638000,"{libhtp,libfuzzer}","{b5ca7340d36a5ee7f20383796e2fbda3a698bd9b,358759}",6380.0,10345.0,6380.0,10345.0,0.0,0.0
libhtp,2019-04-19 13:53:54.638000,"{libhtp,libfuzzer}","{b5ca7340d36a5ee7f20383796e2fbda3a698bd9b,358759}",2019-04-20 13:55:46.053000,"{libhtp,libfuzzer}","{b5ca7340d36a5ee7f20383796e2fbda3a698bd9b,358816}",6380.0,10345.0,6380.0,10345.0,0.0,0.0
libhtp,2019-04-20 13:55:46.053000,"{libhtp,libfuzzer}","{b5ca7340d36a5ee7f20383796e2fbda3a698bd9b,358816}",2019-04-21 13:58:08.957000,"{libhtp,libfuzzer}","{b5ca7340d36a5ee7f20383796e2fbda3a698bd9b,358850}",6380.0,10345.0,6380.0,10345.0,0.0,0.0
libhtp,2019-04-21 13:58:08.957000,"{libhtp,libfuzzer}","{b5ca7340d36a5ee7f20383796e2fbda3a698bd9b,358850}",2019-04-22 13:57:18.447000,"{libhtp,libfuzzer}","{b5ca7340d36a5ee7f20383796e2fbda3a698bd9b,358886}",6380.0,10345.0,6380.0,10345.0,0.0,0.0
libhtp,2019-04-22 13:57:18.447000,"{libhtp,libfuzzer}","{b5ca7340d36a5ee7f20383796e2fbda3a698bd9b,358886}",2019-04-23 13:58:35.325000,"{libhtp,libfuzzer}","{b5ca7340d36a5ee7f20383796e2fbda3a698bd9b,358987}",6380.0,10345.0,6380.0,10345.0,0.0,0.0
libhtp,2019-04-23 13:58:35.325000,"{libhtp,libfuzzer}","{b5ca7340d36a5ee7f20383796e2fbda3a698bd9b,358987}",2019-04-24 13:56:34.764000,"{libhtp,libfuzzer}","{b5ca7340d36a5ee7f20383796e2fbda3a698bd9b,359093}",6380.0,10345.0,6380.0,10345.0,0.0,0.0
libhtp,2019-04-24 13:56:34.764000,"{libhtp,libfuzzer}","{b5ca7340d36a5ee7f20383796e2fbda3a698bd9b,359093}",2019-04-25 13:54:03.256000,"{libhtp,libfuzzer}","{b5ca7340d36a5ee7f20383796e2fbda3a698bd9b,359191}",6380.0,10345.0,6380.0,10345.0,0.0,0.0
libhtp,2019-04-25 13:54:03.256000,"{libhtp,libfuzzer}","{b5ca7340d36a5ee7f20383796e2fbda3a698bd9b,359191}",2019-04-26 13:55:48.696000,"{libhtp,libfuzzer}","{b5ca7340d36a5ee7f20383796e2fbda3a698bd9b,359308}",6380.0,10345.0,6380.0,10345.0,0.0,0.0
libhtp,2019-04-26 13:55:48.696000,"{libhtp,libfuzzer}","{b5ca7340d36a5ee7f20383796e2fbda3a698bd9b,359308}",2019-04-27 13:56:56.634000,"{libhtp,libfuzzer}","{b5ca7340d36a5ee7f20383796e2fbda3a698bd9b,359378}",6380.0,10345.0,6380.0,10345.0,0.0,0.0
libhtp,2019-04-27 13:56:56.634000,"{libhtp,libfuzzer}","{b5ca7340d36a5ee7f20383796e2fbda3a698bd9b,359378}",2019-04-28 13:55:02.511000,"{libhtp,libfuzzer}","{b5ca7340d36a5ee7f20383796e2fbda3a698bd9b,359399}",6380.0,10345.0,6380.0,10345.0,0.0,0.0
libhtp,2019-04-28 13:55:02.511000,"{libhtp,libfuzzer}","{b5ca7340d36a5ee7f20383796e2fbda3a698bd9b,359399}",2019-04-29 13:57:28.948000,"{libhtp,libfuzzer}","{b5ca7340d36a5ee7f20383796e2fbda3a698bd9b,359449}",6380.0,10345.0,6380.0,10345.0,0.0,0.0
libhtp,2019-04-29 13:57:28.948000,"{libhtp,libfuzzer}","{b5ca7340d36a5ee7f20383796e2fbda3a698bd9b,359449}",2019-04-30 13:55:50.239000,"{libhtp,libfuzzer}","{b5ca7340d36a5ee7f20383796e2fbda3a698bd9b,359563}",6380.0,10345.0,6380.0,10345.0,0.0,0.0
libhtp,2019-04-30 13:55:50.239000,"{libhtp,libfuzzer}","{b5ca7340d36a5ee7f20383796e2fbda3a698bd9b,359563}",2019-05-01 13:54:09.748000,"{libhtp,libfuzzer}","{b5ca7340d36a5ee7f20383796e2fbda3a698bd9b,359680}",6380.0,10345.0,6380.0,10345.0,0.0,0.0
libhtp,2019-05-01 13:54:09.748000,"{libhtp,libfuzzer}","{b5ca7340d36a5ee7f20383796e2fbda3a698bd9b,359680}",2019-05-02 13:50:58.621000,"{libhtp,libfuzzer}","{b5ca7340d36a5ee7f20383796e2fbda3a698bd9b,359785}",6380.0,10345.0,6380.0,10345.0,0.0,0.0
libhtp,2019-05-02 13:50:58.621000,"{libhtp,libfuzzer}","{b5ca7340d36a5ee7f20383796e2fbda3a698bd9b,359785}",2019-05-03 13:58:42.918000,"{libhtp,libfuzzer}","{b5ca7340d36a5ee7f20383796e2fbda3a698bd9b,359885}",6380.0,10345.0,6380.0,10345.0,0.0,0.0
libhtp,2019-05-03 13:58:42.918000,"{libhtp,libfuzzer}","{b5ca7340d36a5ee7f20383796e2fbda3a698bd9b,359885}",2019-05-04 14:01:43.405000,"{libhtp,libfuzzer}","{b5ca7340d36a5ee7f20383796e2fbda3a698bd9b,359969}",6380.0,10345.0,6380.0,10345.0,0.0,0.0
libhtp,2019-05-04 14:01:43.405000,"{libhtp,libfuzzer}","{b5ca7340d36a5ee7f20383796e2fbda3a698bd9b,359969}",2019-05-05 13:53:04.757000,"{libhtp,libfuzzer}","{b5ca7340d36a5ee7f20383796e2fbda3a698bd9b,359981}",6380.0,10345.0,6380.0,10345.0,0.0,0.0
libhtp,2019-05-05 13:53:04.757000,"{libhtp,libfuzzer}","{b5ca7340d36a5ee7f20383796e2fbda3a698bd9b,359981}",2019-05-06 13:54:39.643000,"{libhtp,libfuzzer}","{b5ca7340d36a5ee7f20383796e2fbda3a698bd9b,360044}",6380.0,10345.0,6380.0,10345.0,0.0,0.0
libhtp,2019-05-06 13:54:39.643000,"{libhtp,libfuzzer}","{b5ca7340d36a5ee7f20383796e2fbda3a698bd9b,360044}",2019-05-07 13:56:14.891000,"{libhtp,libfuzzer}","{da2182713e8e04a7fe58f81e880faa097ca06866,360145}",6380.0,10345.0,6422.0,10387.0,42.0,0.15497864355577917
libhtp,2019-05-07 13:56:14.891000,"{libhtp,libfuzzer}","{da2182713e8e04a7fe58f81e880faa097ca06866,360145}",2019-05-08 14:01:02.716000,"{libhtp,libfuzzer}","{da2182713e8e04a7fe58f81e880faa097ca06866,360256}",6422.0,10387.0,6422.0,10387.0,0.0,0.0
libhtp,2019-05-08 14:01:02.716000,"{libhtp,libfuzzer}","{da2182713e8e04a7fe58f81e880faa097ca06866,360256}",2019-05-09 13:58:09.504000,"{libhtp,libfuzzer}","{da2182713e8e04a7fe58f81e880faa097ca06866,360342}",6422.0,10387.0,6422.0,10387.0,0.0,0.0
libhtp,2019-05-09 13:58:09.504000,"{libhtp,libfuzzer}","{da2182713e8e04a7fe58f81e880faa097ca06866,360342}",2019-05-10 13:59:00.957000,"{libhtp,libfuzzer}","{da2182713e8e04a7fe58f81e880faa097ca06866,360428}",6422.0,10387.0,6422.0,10387.0,0.0,0.0
libhtp,2019-05-10 13:59:00.957000,"{libhtp,libfuzzer}","{da2182713e8e04a7fe58f81e880faa097ca06866,360428}",2019-05-11 14:00:09.265000,"{libhtp,libfuzzer}","{da2182713e8e04a7fe58f81e880faa097ca06866,360517}",6422.0,10387.0,6422.0,10387.0,0.0,0.0
libhtp,2019-05-11 14:00:09.265000,"{libhtp,libfuzzer}","{da2182713e8e04a7fe58f81e880faa097ca06866,360517}",2019-05-12 14:03:37.609000,"{libhtp,libfuzzer}","{da2182713e8e04a7fe58f81e880faa097ca06866,360540}",6422.0,10387.0,6422.0,10387.0,0.0,0.0
libhtp,2019-05-12 14:03:37.609000,"{libhtp,libfuzzer}","{da2182713e8e04a7fe58f81e880faa097ca06866,360540}",2019-05-13 14:01:48.976000,"{libhtp,libfuzzer}","{da2182713e8e04a7fe58f81e880faa097ca06866,360583}",6422.0,10387.0,6422.0,10387.0,0.0,0.0
libhtp,2019-05-13 14:01:48.976000,"{libhtp,libfuzzer}","{da2182713e8e04a7fe58f81e880faa097ca06866,360583}",2019-05-14 14:01:26.577000,"{libhtp,libfuzzer}","{da2182713e8e04a7fe58f81e880faa097ca06866,360674}",6422.0,10387.0,6422.0,10387.0,0.0,0.0
libhtp,2019-05-14 14:01:26.577000,"{libhtp,libfuzzer}","{da2182713e8e04a7fe58f81e880faa097ca06866,360674}",2019-05-15 14:01:46.095000,"{libhtp,libfuzzer}","{da2182713e8e04a7fe58f81e880faa097ca06866,360775}",6422.0,10387.0,6422.0,10387.0,0.0,0.0
libhtp,2019-05-15 14:01:46.095000,"{libhtp,libfuzzer}","{da2182713e8e04a7fe58f81e880faa097ca06866,360775}",2019-05-16 14:00:25.197000,"{libhtp,libfuzzer}","{da2182713e8e04a7fe58f81e880faa097ca06866,360897}",6422.0,10387.0,6422.0,10387.0,0.0,0.0
libhtp,2019-05-16 14:00:25.197000,"{libhtp,libfuzzer}","{da2182713e8e04a7fe58f81e880faa097ca06866,360897}",2019-05-17 13:57:43.404000,"{libhtp,libfuzzer}","{da2182713e8e04a7fe58f81e880faa097ca06866,361033}",6422.0,10387.0,6422.0,10387.0,0.0,0.0
libhtp,2019-05-17 13:57:43.404000,"{libhtp,libfuzzer}","{da2182713e8e04a7fe58f81e880faa097ca06866,361033}",2019-05-18 13:55:52.831000,"{libhtp,libfuzzer}","{da2182713e8e04a7fe58f81e880faa097ca06866,361102}",6422.0,10387.0,6422.0,10387.0,0.0,0.0
libhtp,2019-05-18 13:55:52.831000,"{libhtp,libfuzzer}","{da2182713e8e04a7fe58f81e880faa097ca06866,361102}",2019-05-19 13:57:56.961000,"{libhtp,libfuzzer}","{da2182713e8e04a7fe58f81e880faa097ca06866,361117}",6422.0,10387.0,6422.0,10387.0,0.0,0.0
libhtp,2019-05-19 13:57:56.961000,"{libhtp,libfuzzer}","{da2182713e8e04a7fe58f81e880faa097ca06866,361117}",2019-05-20 14:04:30.536000,"{libhtp,libfuzzer}","{da2182713e8e04a7fe58f81e880faa097ca06866,361154}",6422.0,10387.0,6422.0,10387.0,0.0,0.0
libhtp,2019-05-20 14:04:30.536000,"{libhtp,libfuzzer}","{da2182713e8e04a7fe58f81e880faa097ca06866,361154}",2019-05-21 14:04:31.093000,"{libhtp,libfuzzer}","{b7002225000c2d1701c2e94823d159ff64b98124,361258}",6422.0,10387.0,6434.0,10410.0,23.0,-0.021328293411912114
libhtp,2019-05-21 14:04:31.093000,"{libhtp,libfuzzer}","{b7002225000c2d1701c2e94823d159ff64b98124,361258}",2019-05-22 14:04:23.149000,"{libhtp,libfuzzer}","{c0c87b4c560aae3850c7d90de1bdcb4fe966c9f0,361386}",6434.0,10410.0,6486.0,10418.0,8.0,0.4516752115095244
libhtp,2019-05-22 14:04:23.149000,"{libhtp,libfuzzer}","{c0c87b4c560aae3850c7d90de1bdcb4fe966c9f0,361386}",2019-05-23 14:03:47.026000,"{libhtp,libfuzzer}","{c0c87b4c560aae3850c7d90de1bdcb4fe966c9f0,361498}",6486.0,10418.0,6486.0,10418.0,0.0,0.0
libhtp,2019-05-23 14:03:47.026000,"{libhtp,libfuzzer}","{c0c87b4c560aae3850c7d90de1bdcb4fe966c9f0,361498}",2019-05-24 14:04:46.254000,"{libhtp,libfuzzer}","{c0c87b4c560aae3850c7d90de1bdcb4fe966c9f0,361637}",6486.0,10418.0,6486.0,10418.0,0.0,0.0
libhtp,2019-05-24 14:04:46.254000,"{libhtp,libfuzzer}","{c0c87b4c560aae3850c7d90de1bdcb4fe966c9f0,361637}",2019-05-25 13:57:11.387000,"{libhtp,libfuzzer}","{c0c87b4c560aae3850c7d90de1bdcb4fe966c9f0,361696}",6486.0,10418.0,6486.0,10418.0,0.0,0.0
libhtp,2019-05-25 13:57:11.387000,"{libhtp,libfuzzer}","{c0c87b4c560aae3850c7d90de1bdcb4fe966c9f0,361696}",2019-05-26 14:00:03.996000,"{libhtp,libfuzzer}","{c0c87b4c560aae3850c7d90de1bdcb4fe966c9f0,361728}",6486.0,10418.0,6486.0,10418.0,0.0,0.0
libhtp,2019-05-26 14:00:03.996000,"{libhtp,libfuzzer}","{c0c87b4c560aae3850c7d90de1bdcb4fe966c9f0,361728}",2019-05-27 14:01:19.483000,"{libhtp,libfuzzer}","{c0c87b4c560aae3850c7d90de1bdcb4fe966c9f0,361762}",6486.0,10418.0,6486.0,10418.0,0.0,0.0
libhtp,2019-05-27 14:01:19.483000,"{libhtp,libfuzzer}","{c0c87b4c560aae3850c7d90de1bdcb4fe966c9f0,361762}",2019-05-28 14:00:59.320000,"{libhtp,libfuzzer}","{c0c87b4c560aae3850c7d90de1bdcb4fe966c9f0,361823}",6486.0,10418.0,6486.0,10418.0,0.0,0.0
libhtp,2019-05-28 14:00:59.320000,"{libhtp,libfuzzer}","{c0c87b4c560aae3850c7d90de1bdcb4fe966c9f0,361823}",2019-05-29 14:00:42.998000,"{libhtp,libfuzzer}","{c0c87b4c560aae3850c7d90de1bdcb4fe966c9f0,361959}",6486.0,10418.0,6486.0,10418.0,0.0,0.0
libhtp,2019-05-29 14:00:42.998000,"{libhtp,libfuzzer}","{c0c87b4c560aae3850c7d90de1bdcb4fe966c9f0,361959}",2019-05-30 13:58:24.630000,"{libhtp,libfuzzer}","{c0c87b4c560aae3850c7d90de1bdcb4fe966c9f0,362093}",6486.0,10418.0,6486.0,10418.0,0.0,0.0
libhtp,2019-05-30 13:58:24.630000,"{libhtp,libfuzzer}","{c0c87b4c560aae3850c7d90de1bdcb4fe966c9f0,362093}",2019-05-31 14:02:58.137000,"{libhtp,libfuzzer}","{c0c87b4c560aae3850c7d90de1bdcb4fe966c9f0,362224}",6486.0,10418.0,6486.0,10418.0,0.0,0.0
libhtp,2019-05-31 14:02:58.137000,"{libhtp,libfuzzer}","{c0c87b4c560aae3850c7d90de1bdcb4fe966c9f0,362224}",2019-06-01 13:57:36.939000,"{libhtp,libfuzzer}","{c0c87b4c560aae3850c7d90de1bdcb4fe966c9f0,362299}",6486.0,10418.0,6486.0,10418.0,0.0,0.0
libhtp,2019-06-01 13:57:36.939000,"{libhtp,libfuzzer}","{c0c87b4c560aae3850c7d90de1bdcb4fe966c9f0,362299}",2019-06-02 13:53:39.200000,"{libhtp,libfuzzer}","{c0c87b4c560aae3850c7d90de1bdcb4fe966c9f0,362323}",6486.0,10418.0,6486.0,10418.0,0.0,0.0
libhtp,2019-06-02 13:53:39.200000,"{libhtp,libfuzzer}","{c0c87b4c560aae3850c7d90de1bdcb4fe966c9f0,362323}",2019-06-03 13:57:58.521000,"{libhtp,libfuzzer}","{c0c87b4c560aae3850c7d90de1bdcb4fe966c9f0,362400}",6486.0,10418.0,6486.0,10418.0,0.0,0.0
libhtp,2019-06-03 13:57:58.521000,"{libhtp,libfuzzer}","{c0c87b4c560aae3850c7d90de1bdcb4fe966c9f0,362400}",2019-06-04 13:57:20.843000,"{libhtp,libfuzzer}","{c0c87b4c560aae3850c7d90de1bdcb4fe966c9f0,362498}",6486.0,10418.0,6486.0,10418.0,0.0,0.0
libhtp,2019-06-04 13:57:20.843000,"{libhtp,libfuzzer}","{c0c87b4c560aae3850c7d90de1bdcb4fe966c9f0,362498}",2019-06-05 13:59:18.142000,"{libhtp,libfuzzer}","{c0c87b4c560aae3850c7d90de1bdcb4fe966c9f0,362602}",6486.0,10418.0,6486.0,10418.0,0.0,0.0
libhtp,2019-06-05 13:59:18.142000,"{libhtp,libfuzzer}","{c0c87b4c560aae3850c7d90de1bdcb4fe966c9f0,362602}",2019-06-06 14:09:49.030000,"{libhtp,libfuzzer}","{c0c87b4c560aae3850c7d90de1bdcb4fe966c9f0,362706}",6486.0,10418.0,6486.0,10418.0,0.0,0.0
libhtp,2019-06-06 14:09:49.030000,"{libhtp,libfuzzer}","{c0c87b4c560aae3850c7d90de1bdcb4fe966c9f0,362706}",2019-06-07 14:02:15.908000,"{libhtp,libfuzzer}","{c0c87b4c560aae3850c7d90de1bdcb4fe966c9f0,362800}",6486.0,10418.0,6486.0,10418.0,0.0,0.0
libhtp,2019-06-07 14:02:15.908000,"{libhtp,libfuzzer}","{c0c87b4c560aae3850c7d90de1bdcb4fe966c9f0,362800}",2019-06-08 13:55:33.774000,"{libhtp,libfuzzer}","{c0c87b4c560aae3850c7d90de1bdcb4fe966c9f0,362877}",6486.0,10418.0,6486.0,10418.0,0.0,0.0
libhtp,2019-06-08 13:55:33.774000,"{libhtp,libfuzzer}","{c0c87b4c560aae3850c7d90de1bdcb4fe966c9f0,362877}",2019-06-09 13:54:55.844000,"{libhtp,libfuzzer}","{6f2f31986a69b11e2ae12ab92aba7c042105a492,362903}",6486.0,10418.0,6526.0,10458.0,40.0,0.14435788478397882
libhtp,2019-06-09 13:54:55.844000,"{libhtp,libfuzzer}","{6f2f31986a69b11e2ae12ab92aba7c042105a492,362903}",2019-06-10 13:53:07.389000,"{libhtp,libfuzzer}","{6f2f31986a69b11e2ae12ab92aba7c042105a492,362935}",6526.0,10458.0,6526.0,10458.0,0.0,0.0
libhtp,2019-06-10 13:53:07.389000,"{libhtp,libfuzzer}","{6f2f31986a69b11e2ae12ab92aba7c042105a492,362935}",2019-06-11 14:00:30.826000,"{libhtp,libfuzzer}","{6f2f31986a69b11e2ae12ab92aba7c042105a492,363066}",6526.0,10458.0,6526.0,10458.0,0.0,0.0
libhtp,2019-06-11 14:00:30.826000,"{libhtp,libfuzzer}","{6f2f31986a69b11e2ae12ab92aba7c042105a492,363066}",2019-06-12 14:00:36.679000,"{libhtp,libfuzzer}","{6f2f31986a69b11e2ae12ab92aba7c042105a492,363164}",6526.0,10458.0,6526.0,10458.0,0.0,0.0
libhtp,2019-06-12 14:00:36.679000,"{libhtp,libfuzzer}","{6f2f31986a69b11e2ae12ab92aba7c042105a492,363164}",2019-06-13 14:01:55.181000,"{libhtp,libfuzzer}","{6f2f31986a69b11e2ae12ab92aba7c042105a492,363267}",6526.0,10458.0,6526.0,10458.0,0.0,0.0
libhtp,2019-06-13 14:01:55.181000,"{libhtp,libfuzzer}","{6f2f31986a69b11e2ae12ab92aba7c042105a492,363267}",2019-06-14 14:05:47.712000,"{libhtp,libfuzzer}","{6f2f31986a69b11e2ae12ab92aba7c042105a492,363398}",6526.0,10458.0,6526.0,10458.0,0.0,0.0
libhtp,2019-06-14 14:05:47.712000,"{libhtp,libfuzzer}","{6f2f31986a69b11e2ae12ab92aba7c042105a492,363398}",2019-06-15 14:01:49.897000,"{libhtp,libfuzzer}","{6f2f31986a69b11e2ae12ab92aba7c042105a492,363493}",6526.0,10458.0,6526.0,10458.0,0.0,0.0
libhtp,2019-06-15 14:01:49.897000,"{libhtp,libfuzzer}","{6f2f31986a69b11e2ae12ab92aba7c042105a492,363493}",2019-06-16 13:58:51.716000,"{libhtp,libfuzzer}","{6f2f31986a69b11e2ae12ab92aba7c042105a492,363507}",6526.0,10458.0,6526.0,10458.0,0.0,0.0
libhtp,2019-06-16 13:58:51.716000,"{libhtp,libfuzzer}","{6f2f31986a69b11e2ae12ab92aba7c042105a492,363507}",2019-06-17 13:58:50.285000,"{libhtp,libfuzzer}","{6f2f31986a69b11e2ae12ab92aba7c042105a492,363560}",6526.0,10458.0,6526.0,10458.0,0.0,0.0
libhtp,2019-06-17 13:58:50.285000,"{libhtp,libfuzzer}","{6f2f31986a69b11e2ae12ab92aba7c042105a492,363560}",2019-06-18 14:04:04.688000,"{libhtp,libfuzzer}","{6f2f31986a69b11e2ae12ab92aba7c042105a492,363683}",6526.0,10458.0,6526.0,10458.0,0.0,0.0
libhtp,2019-06-18 14:04:04.688000,"{libhtp,libfuzzer}","{6f2f31986a69b11e2ae12ab92aba7c042105a492,363683}",2019-06-19 14:06:28.264000,"{libhtp,libfuzzer}","{6f2f31986a69b11e2ae12ab92aba7c042105a492,363803}",6526.0,10458.0,6526.0,10458.0,0.0,0.0
libhtp,2019-06-19 14:06:28.264000,"{libhtp,libfuzzer}","{6f2f31986a69b11e2ae12ab92aba7c042105a492,363803}",2019-06-20 14:13:51.819000,"{libhtp,libfuzzer}","{6f2f31986a69b11e2ae12ab92aba7c042105a492,363928}",6526.0,10458.0,6526.0,10458.0,0.0,0.0
libhtp,2019-06-20 14:13:51.819000,"{libhtp,libfuzzer}","{6f2f31986a69b11e2ae12ab92aba7c042105a492,363928}",2019-06-21 14:02:43.840000,"{libhtp,libfuzzer}","{6f2f31986a69b11e2ae12ab92aba7c042105a492,364047}",6526.0,10458.0,6526.0,10458.0,0.0,0.0
libhtp,2019-06-21 14:02:43.840000,"{libhtp,libfuzzer}","{6f2f31986a69b11e2ae12ab92aba7c042105a492,364047}",2019-06-22 14:04:29.186000,"{libhtp,libfuzzer}","{6f2f31986a69b11e2ae12ab92aba7c042105a492,364131}",6526.0,10458.0,6526.0,10458.0,0.0,0.0
libhtp,2019-06-22 14:04:29.186000,"{libhtp,libfuzzer}","{6f2f31986a69b11e2ae12ab92aba7c042105a492,364131}",2019-06-23 14:05:59.392000,"{libhtp,libfuzzer}","{6f2f31986a69b11e2ae12ab92aba7c042105a492,364152}",6526.0,10458.0,6526.0,10458.0,0.0,0.0
libhtp,2019-06-23 14:05:59.392000,"{libhtp,libfuzzer}","{6f2f31986a69b11e2ae12ab92aba7c042105a492,364152}",2019-06-24 14:07:40.555000,"{libhtp,libfuzzer}","{6f2f31986a69b11e2ae12ab92aba7c042105a492,364181}",6526.0,10458.0,6526.0,10458.0,0.0,0.0
libhtp,2019-06-24 14:07:40.555000,"{libhtp,libfuzzer}","{6f2f31986a69b11e2ae12ab92aba7c042105a492,364181}",2019-06-25 14:02:49.484000,"{libhtp,libfuzzer}","{6f2f31986a69b11e2ae12ab92aba7c042105a492,364316}",6526.0,10458.0,6526.0,10458.0,0.0,0.0
libhtp,2019-06-25 14:02:49.484000,"{libhtp,libfuzzer}","{6f2f31986a69b11e2ae12ab92aba7c042105a492,364316}",2019-06-26 14:04:41.265000,"{libhtp,libfuzzer}","{6f2f31986a69b11e2ae12ab92aba7c042105a492,364426}",6526.0,10458.0,6526.0,10458.0,0.0,0.0
libhtp,2019-06-26 14:04:41.265000,"{libhtp,libfuzzer}","{6f2f31986a69b11e2ae12ab92aba7c042105a492,364426}",2019-06-28 14:04:21.339000,"{libhtp,libfuzzer}","{6f2f31986a69b11e2ae12ab92aba7c042105a492,364644}",6526.0,10458.0,6526.0,10458.0,0.0,0.0
libhtp,2019-06-28 14:04:21.339000,"{libhtp,libfuzzer}","{6f2f31986a69b11e2ae12ab92aba7c042105a492,364644}",2019-06-29 14:03:24.946000,"{libhtp,libfuzzer}","{6f2f31986a69b11e2ae12ab92aba7c042105a492,364713}",6526.0,10458.0,6526.0,10458.0,0.0,0.0
libhtp,2019-06-29 14:03:24.946000,"{libhtp,libfuzzer}","{6f2f31986a69b11e2ae12ab92aba7c042105a492,364713}",2019-06-30 14:04:33.478000,"{libhtp,libfuzzer}","{6f2f31986a69b11e2ae12ab92aba7c042105a492,364721}",6526.0,10458.0,6526.0,10458.0,0.0,0.0
libhtp,2019-06-30 14:04:33.478000,"{libhtp,libfuzzer}","{6f2f31986a69b11e2ae12ab92aba7c042105a492,364721}",2019-07-01 14:04:42.477000,"{libhtp,libfuzzer}","{6f2f31986a69b11e2ae12ab92aba7c042105a492,364770}",6526.0,10458.0,6526.0,10458.0,0.0,0.0
libhtp,2019-07-01 14:04:42.477000,"{libhtp,libfuzzer}","{6f2f31986a69b11e2ae12ab92aba7c042105a492,364770}",2019-07-02 14:02:01.721000,"{libhtp,libfuzzer}","{6f2f31986a69b11e2ae12ab92aba7c042105a492,364925}",6526.0,10458.0,6526.0,10458.0,0.0,0.0
libhtp,2019-07-02 14:02:01.721000,"{libhtp,libfuzzer}","{6f2f31986a69b11e2ae12ab92aba7c042105a492,364925}",2019-07-03 14:03:00.537000,"{libhtp,libfuzzer}","{6f2f31986a69b11e2ae12ab92aba7c042105a492,365039}",6526.0,10458.0,6526.0,10458.0,0.0,0.0
libhtp,2019-07-03 14:03:00.537000,"{libhtp,libfuzzer}","{6f2f31986a69b11e2ae12ab92aba7c042105a492,365039}",2019-07-04 14:05:28.626000,"{libhtp,libfuzzer}","{6f2f31986a69b11e2ae12ab92aba7c042105a492,365142}",6526.0,10458.0,6526.0,10458.0,0.0,0.0
libhtp,2019-07-04 14:05:28.626000,"{libhtp,libfuzzer}","{6f2f31986a69b11e2ae12ab92aba7c042105a492,365142}",2019-07-05 14:04:02.408000,"{libhtp,libfuzzer}","{6f2f31986a69b11e2ae12ab92aba7c042105a492,365208}",6526.0,10458.0,6526.0,10458.0,0.0,0.0
libhtp,2019-07-05 14:04:02.408000,"{libhtp,libfuzzer}","{6f2f31986a69b11e2ae12ab92aba7c042105a492,365208}",2019-07-06 14:03:53.387000,"{libhtp,libfuzzer}","{6f2f31986a69b11e2ae12ab92aba7c042105a492,365263}",6526.0,10458.0,6526.0,10458.0,0.0,0.0
libhtp,2019-07-06 14:03:53.387000,"{libhtp,libfuzzer}","{6f2f31986a69b11e2ae12ab92aba7c042105a492,365263}",2019-07-07 14:04:45.752000,"{libhtp,libfuzzer}","{6f2f31986a69b11e2ae12ab92aba7c042105a492,365275}",6526.0,10458.0,6526.0,10458.0,0.0,0.0
libhtp,2019-07-07 14:04:45.752000,"{libhtp,libfuzzer}","{6f2f31986a69b11e2ae12ab92aba7c042105a492,365275}",2019-07-08 14:00:28.779000,"{libhtp,libfuzzer}","{6f2f31986a69b11e2ae12ab92aba7c042105a492,365320}",6526.0,10458.0,6526.0,10458.0,0.0,0.0
libhtp,2019-07-08 14:00:28.779000,"{libhtp,libfuzzer}","{6f2f31986a69b11e2ae12ab92aba7c042105a492,365320}",2019-07-09 14:04:36.910000,"{libhtp,libfuzzer}","{f4dfe268a724d382fc52ea10e49fe5a259195ada,365483}",6526.0,10458.0,6614.0,10546.0,88.0,0.3137326925938595
libhtp,2019-07-09 14:04:36.910000,"{libhtp,libfuzzer}","{f4dfe268a724d382fc52ea10e49fe5a259195ada,365483}",2019-07-10 14:04:44.752000,"{libhtp,libfuzzer}","{f4dfe268a724d382fc52ea10e49fe5a259195ada,365632}",6614.0,10546.0,6614.0,10546.0,0.0,0.0
libhtp,2019-07-10 14:04:44.752000,"{libhtp,libfuzzer}","{f4dfe268a724d382fc52ea10e49fe5a259195ada,365632}",2019-07-11 14:04:28.529000,"{libhtp,libfuzzer}","{f4dfe268a724d382fc52ea10e49fe5a259195ada,365778}",6614.0,10546.0,6614.0,10546.0,0.0,0.0
libhtp,2019-07-11 14:04:28.529000,"{libhtp,libfuzzer}","{f4dfe268a724d382fc52ea10e49fe5a259195ada,365778}",2019-07-12 14:03:10.358000,"{libhtp,libfuzzer}","{f4dfe268a724d382fc52ea10e49fe5a259195ada,365900}",6614.0,10546.0,6614.0,10546.0,0.0,0.0
libhtp,2019-07-12 14:03:10.358000,"{libhtp,libfuzzer}","{f4dfe268a724d382fc52ea10e49fe5a259195ada,365900}",2019-07-13 14:00:08.141000,"{libhtp,libfuzzer}","{f4dfe268a724d382fc52ea10e49fe5a259195ada,366001}",6614.0,10546.0,6614.0,10546.0,0.0,0.0
libhtp,2019-07-13 14:00:08.141000,"{libhtp,libfuzzer}","{f4dfe268a724d382fc52ea10e49fe5a259195ada,366001}",2019-07-14 14:03:49.690000,"{libhtp,libfuzzer}","{f4dfe268a724d382fc52ea10e49fe5a259195ada,366017}",6614.0,10546.0,6614.0,10546.0,0.0,0.0
libhtp,2019-07-14 14:03:49.690000,"{libhtp,libfuzzer}","{f4dfe268a724d382fc52ea10e49fe5a259195ada,366017}",2019-07-15 14:03:43.335000,"{libhtp,libfuzzer}","{f4dfe268a724d382fc52ea10e49fe5a259195ada,366064}",6614.0,10546.0,6614.0,10546.0,0.0,0.0
libhtp,2019-07-15 14:03:43.335000,"{libhtp,libfuzzer}","{f4dfe268a724d382fc52ea10e49fe5a259195ada,366064}",2019-07-16 14:04:02.177000,"{libhtp,libfuzzer}","{f4dfe268a724d382fc52ea10e49fe5a259195ada,366208}",6614.0,10546.0,6614.0,10546.0,0.0,0.0
libhtp,2019-07-16 14:04:02.177000,"{libhtp,libfuzzer}","{f4dfe268a724d382fc52ea10e49fe5a259195ada,366208}",2019-07-17 14:02:08.548000,"{libhtp,libfuzzer}","{f4dfe268a724d382fc52ea10e49fe5a259195ada,366329}",6614.0,10546.0,6614.0,10546.0,0.0,0.0
libhtp,2019-07-17 14:02:08.548000,"{libhtp,libfuzzer}","{f4dfe268a724d382fc52ea10e49fe5a259195ada,366329}",2019-07-18 14:06:35.833000,"{libhtp,libfuzzer}","{f4dfe268a724d382fc52ea10e49fe5a259195ada,366439}",6614.0,10546.0,6614.0,10546.0,0.0,0.0
libhtp,2019-07-18 14:06:35.833000,"{libhtp,libfuzzer}","{f4dfe268a724d382fc52ea10e49fe5a259195ada,366439}",2019-07-19 14:05:45.647000,"{libhtp,libfuzzer}","{f4dfe268a724d382fc52ea10e49fe5a259195ada,366579}",6614.0,10546.0,6614.0,10546.0,0.0,0.0
libhtp,2019-07-19 14:05:45.647000,"{libhtp,libfuzzer}","{f4dfe268a724d382fc52ea10e49fe5a259195ada,366579}",2019-07-20 14:05:20.065000,"{libhtp,libfuzzer}","{119f64ec314fcae41723bace5e5d5f73bfd7606c,366635}",6614.0,10546.0,6638.0,10570.0,24.0,0.08465682891063153
libhtp,2019-07-20 14:05:20.065000,"{libhtp,libfuzzer}","{119f64ec314fcae41723bace5e5d5f73bfd7606c,366635}",2019-07-21 14:05:26.269000,"{libhtp,libfuzzer}","{119f64ec314fcae41723bace5e5d5f73bfd7606c,366655}",6638.0,10570.0,6638.0,10570.0,0.0,0.0
libhtp,2019-07-21 14:05:26.269000,"{libhtp,libfuzzer}","{119f64ec314fcae41723bace5e5d5f73bfd7606c,366655}",2019-07-22 14:05:12.809000,"{libhtp,libfuzzer}","{119f64ec314fcae41723bace5e5d5f73bfd7606c,366689}",6638.0,10570.0,6638.0,10570.0,0.0,0.0
libhtp,2019-07-22 14:05:12.809000,"{libhtp,libfuzzer}","{119f64ec314fcae41723bace5e5d5f73bfd7606c,366689}",2019-07-23 14:06:25.803000,"{libhtp,libfuzzer}","{119f64ec314fcae41723bace5e5d5f73bfd7606c,366808}",6638.0,10570.0,6638.0,10570.0,0.0,0.0
libhtp,2019-07-23 14:06:25.803000,"{libhtp,libfuzzer}","{119f64ec314fcae41723bace5e5d5f73bfd7606c,366808}",2019-07-24 14:06:47.717000,"{libhtp,libfuzzer}","{119f64ec314fcae41723bace5e5d5f73bfd7606c,366905}",6638.0,10570.0,6638.0,10570.0,0.0,0.0
libhtp,2019-07-24 14:06:47.717000,"{libhtp,libfuzzer}","{119f64ec314fcae41723bace5e5d5f73bfd7606c,366905}",2019-07-25 14:06:37.398000,"{libhtp,libfuzzer}","{119f64ec314fcae41723bace5e5d5f73bfd7606c,367019}",6638.0,10570.0,6638.0,10570.0,0.0,0.0
libhtp,2019-07-25 14:06:37.398000,"{libhtp,libfuzzer}","{119f64ec314fcae41723bace5e5d5f73bfd7606c,367019}",2019-07-26 14:05:43.552000,"{libhtp,libfuzzer}","{119f64ec314fcae41723bace5e5d5f73bfd7606c,367111}",6638.0,10570.0,6638.0,10570.0,0.0,0.0
libhtp,2019-07-26 14:05:43.552000,"{libhtp,libfuzzer}","{119f64ec314fcae41723bace5e5d5f73bfd7606c,367111}",2019-07-27 14:05:47.203000,"{libhtp,libfuzzer}","{119f64ec314fcae41723bace5e5d5f73bfd7606c,367172}",6638.0,10570.0,6638.0,10570.0,0.0,0.0
libhtp,2019-07-27 14:05:47.203000,"{libhtp,libfuzzer}","{119f64ec314fcae41723bace5e5d5f73bfd7606c,367172}",2019-07-28 14:05:08.835000,"{libhtp,libfuzzer}","{119f64ec314fcae41723bace5e5d5f73bfd7606c,367191}",6638.0,10570.0,6638.0,10570.0,0.0,0.0
libhtp,2019-07-28 14:05:08.835000,"{libhtp,libfuzzer}","{119f64ec314fcae41723bace5e5d5f73bfd7606c,367191}",2019-07-29 14:07:24.143000,"{libhtp,libfuzzer}","{119f64ec314fcae41723bace5e5d5f73bfd7606c,367227}",6638.0,10570.0,6638.0,10570.0,0.0,0.0
libhtp,2019-07-29 14:07:24.143000,"{libhtp,libfuzzer}","{119f64ec314fcae41723bace5e5d5f73bfd7606c,367227}",2019-07-30 14:08:07.341000,"{libhtp,libfuzzer}","{119f64ec314fcae41723bace5e5d5f73bfd7606c,367312}",6638.0,10570.0,6638.0,10570.0,0.0,0.0
libhtp,2019-07-30 14:08:07.341000,"{libhtp,libfuzzer}","{119f64ec314fcae41723bace5e5d5f73bfd7606c,367312}",2019-07-31 14:05:02.543000,"{libhtp,libfuzzer}","{119f64ec314fcae41723bace5e5d5f73bfd7606c,367431}",6638.0,10570.0,6638.0,10570.0,0.0,0.0
libhtp,2019-07-31 14:05:02.543000,"{libhtp,libfuzzer}","{119f64ec314fcae41723bace5e5d5f73bfd7606c,367431}",2019-08-01 14:08:07.469000,"{libhtp,libfuzzer}","{119f64ec314fcae41723bace5e5d5f73bfd7606c,367561}",6638.0,10570.0,6638.0,10570.0,0.0,0.0
libhtp,2019-08-01 14:08:07.469000,"{libhtp,libfuzzer}","{119f64ec314fcae41723bace5e5d5f73bfd7606c,367561}",2019-08-02 14:07:09.078000,"{libhtp,libfuzzer}","{119f64ec314fcae41723bace5e5d5f73bfd7606c,367682}",6638.0,10570.0,6638.0,10570.0,0.0,0.0
libhtp,2019-08-02 14:07:09.078000,"{libhtp,libfuzzer}","{119f64ec314fcae41723bace5e5d5f73bfd7606c,367682}",2019-08-03 14:07:26.222000,"{libhtp,libfuzzer}","{119f64ec314fcae41723bace5e5d5f73bfd7606c,367754}",6638.0,10570.0,6638.0,10570.0,0.0,0.0
libhtp,2019-08-03 14:07:26.222000,"{libhtp,libfuzzer}","{119f64ec314fcae41723bace5e5d5f73bfd7606c,367754}",2019-08-04 14:05:08.526000,"{libhtp,libfuzzer}","{119f64ec314fcae41723bace5e5d5f73bfd7606c,367785}",6638.0,10570.0,6638.0,10570.0,0.0,0.0
libhtp,2019-08-04 14:05:08.526000,"{libhtp,libfuzzer}","{119f64ec314fcae41723bace5e5d5f73bfd7606c,367785}",2019-08-05 14:05:35.526000,"{libhtp,libfuzzer}","{119f64ec314fcae41723bace5e5d5f73bfd7606c,367865}",6638.0,10570.0,6638.0,10570.0,0.0,0.0
libhtp,2019-08-05 14:05:35.526000,"{libhtp,libfuzzer}","{119f64ec314fcae41723bace5e5d5f73bfd7606c,367865}",2019-08-06 14:04:15.495000,"{libhtp,libfuzzer}","{119f64ec314fcae41723bace5e5d5f73bfd7606c,368037}",6638.0,10570.0,6638.0,10570.0,0.0,0.0
libhtp,2019-08-06 14:04:15.495000,"{libhtp,libfuzzer}","{119f64ec314fcae41723bace5e5d5f73bfd7606c,368037}",2019-08-07 14:14:18.447000,"{libhtp,libfuzzer}","{119f64ec314fcae41723bace5e5d5f73bfd7606c,368170}",6638.0,10570.0,6638.0,10570.0,0.0,0.0
libhtp,2019-08-07 14:14:18.447000,"{libhtp,libfuzzer}","{119f64ec314fcae41723bace5e5d5f73bfd7606c,368170}",2019-08-08 14:09:36.683000,"{libhtp,libfuzzer}","{119f64ec314fcae41723bace5e5d5f73bfd7606c,368298}",6638.0,10570.0,6638.0,10570.0,0.0,0.0
libhtp,2019-08-08 14:09:36.683000,"{libhtp,libfuzzer}","{119f64ec314fcae41723bace5e5d5f73bfd7606c,368298}",2019-08-09 14:08:18.648000,"{libhtp,libfuzzer}","{119f64ec314fcae41723bace5e5d5f73bfd7606c,368440}",6638.0,10570.0,6638.0,10570.0,0.0,0.0
libhtp,2019-08-09 14:08:18.648000,"{libhtp,libfuzzer}","{119f64ec314fcae41723bace5e5d5f73bfd7606c,368440}",2019-08-10 14:11:42.765000,"{libhtp,libfuzzer}","{119f64ec314fcae41723bace5e5d5f73bfd7606c,368512}",6638.0,10570.0,6638.0,10570.0,0.0,0.0
libhtp,2019-08-10 14:11:42.765000,"{libhtp,libfuzzer}","{119f64ec314fcae41723bace5e5d5f73bfd7606c,368512}",2019-08-11 14:10:36.741000,"{libhtp,libfuzzer}","{119f64ec314fcae41723bace5e5d5f73bfd7606c,368533}",6638.0,10570.0,6638.0,10570.0,0.0,0.0
libhtp,2019-08-11 14:10:36.741000,"{libhtp,libfuzzer}","{119f64ec314fcae41723bace5e5d5f73bfd7606c,368533}",2019-08-12 14:10:49.562000,"{libhtp,libfuzzer}","{119f64ec314fcae41723bace5e5d5f73bfd7606c,368576}",6638.0,10570.0,6638.0,10570.0,0.0,0.0
libhtp,2019-08-12 14:10:49.562000,"{libhtp,libfuzzer}","{119f64ec314fcae41723bace5e5d5f73bfd7606c,368576}",2019-08-13 14:15:53.125000,"{libhtp,libfuzzer}","{119f64ec314fcae41723bace5e5d5f73bfd7606c,368695}",6638.0,10570.0,6638.0,10570.0,0.0,0.0
libhtp,2019-08-13 14:15:53.125000,"{libhtp,libfuzzer}","{119f64ec314fcae41723bace5e5d5f73bfd7606c,368695}",2019-08-14 14:21:46.459000,"{libhtp,libfuzzer}","{119f64ec314fcae41723bace5e5d5f73bfd7606c,368856}",6638.0,10570.0,6638.0,10570.0,0.0,0.0
libhtp,2019-08-14 14:21:46.459000,"{libhtp,libfuzzer}","{119f64ec314fcae41723bace5e5d5f73bfd7606c,368856}",2019-08-15 14:21:24.169000,"{libhtp,libfuzzer}","{119f64ec314fcae41723bace5e5d5f73bfd7606c,369005}",6638.0,10570.0,6638.0,10570.0,0.0,0.0
libhtp,2019-08-15 14:21:24.169000,"{libhtp,libfuzzer}","{119f64ec314fcae41723bace5e5d5f73bfd7606c,369005}",2019-08-16 14:11:36.746000,"{libhtp,libfuzzer}","{119f64ec314fcae41723bace5e5d5f73bfd7606c,369110}",6638.0,10570.0,6638.0,10570.0,0.0,0.0
libhtp,2019-08-16 14:11:36.746000,"{libhtp,libfuzzer}","{119f64ec314fcae41723bace5e5d5f73bfd7606c,369110}",2019-08-17 14:16:50.850000,"{libhtp,libfuzzer}","{119f64ec314fcae41723bace5e5d5f73bfd7606c,369187}",6638.0,10570.0,6638.0,10570.0,0.0,0.0
libhtp,2019-08-17 14:16:50.850000,"{libhtp,libfuzzer}","{119f64ec314fcae41723bace5e5d5f73bfd7606c,369187}",2019-08-18 14:13:04.319000,"{libhtp,libfuzzer}","{119f64ec314fcae41723bace5e5d5f73bfd7606c,369208}",6638.0,10570.0,6638.0,10570.0,0.0,0.0
libhtp,2019-08-18 14:13:04.319000,"{libhtp,libfuzzer}","{119f64ec314fcae41723bace5e5d5f73bfd7606c,369208}",2019-08-19 14:39:47.566000,"{libhtp,libfuzzer}","{119f64ec314fcae41723bace5e5d5f73bfd7606c,369265}",6638.0,10570.0,6638.0,10570.0,0.0,0.0
libhtp,2019-08-19 14:39:47.566000,"{libhtp,libfuzzer}","{119f64ec314fcae41723bace5e5d5f73bfd7606c,369265}",2019-08-20 14:13:28.359000,"{libhtp,libfuzzer}","{119f64ec314fcae41723bace5e5d5f73bfd7606c,369387}",6638.0,10570.0,6638.0,10570.0,0.0,0.0
libhtp,2019-08-20 14:13:28.359000,"{libhtp,libfuzzer}","{119f64ec314fcae41723bace5e5d5f73bfd7606c,369387}",2019-08-21 14:17:06.688000,"{libhtp,libfuzzer}","{119f64ec314fcae41723bace5e5d5f73bfd7606c,369529}",6638.0,10570.0,6638.0,10570.0,0.0,0.0
libhtp,2019-08-21 14:17:06.688000,"{libhtp,libfuzzer}","{119f64ec314fcae41723bace5e5d5f73bfd7606c,369529}",2019-08-22 14:16:52.175000,"{libhtp,libfuzzer}","{119f64ec314fcae41723bace5e5d5f73bfd7606c,369652}",6638.0,10570.0,6638.0,10570.0,0.0,0.0
libhtp,2019-08-22 14:16:52.175000,"{libhtp,libfuzzer}","{119f64ec314fcae41723bace5e5d5f73bfd7606c,369652}",2019-08-23 14:16:22.028000,"{libhtp,libfuzzer}","{119f64ec314fcae41723bace5e5d5f73bfd7606c,369759}",6638.0,10570.0,6638.0,10570.0,0.0,0.0
libhtp,2019-08-23 14:16:22.028000,"{libhtp,libfuzzer}","{119f64ec314fcae41723bace5e5d5f73bfd7606c,369759}",2019-08-24 14:07:57.941000,"{libhtp,libfuzzer}","{119f64ec314fcae41723bace5e5d5f73bfd7606c,369846}",6638.0,10570.0,6638.0,10570.0,0.0,0.0
libhtp,2019-08-24 14:07:57.941000,"{libhtp,libfuzzer}","{119f64ec314fcae41723bace5e5d5f73bfd7606c,369846}",2019-08-25 14:06:54.977000,"{libhtp,libfuzzer}","{119f64ec314fcae41723bace5e5d5f73bfd7606c,369867}",6638.0,10570.0,6638.0,10570.0,0.0,0.0
libhtp,2019-08-25 14:06:54.977000,"{libhtp,libfuzzer}","{119f64ec314fcae41723bace5e5d5f73bfd7606c,369867}",2019-08-26 14:14:58.842000,"{libhtp,libfuzzer}","{119f64ec314fcae41723bace5e5d5f73bfd7606c,369911}",6638.0,10570.0,6638.0,10570.0,0.0,0.0
libhtp,2019-08-26 14:14:58.842000,"{libhtp,libfuzzer}","{119f64ec314fcae41723bace5e5d5f73bfd7606c,369911}",2019-08-27 14:20:21.370000,"{libhtp,libfuzzer}","{119f64ec314fcae41723bace5e5d5f73bfd7606c,370060}",6638.0,10570.0,6638.0,10570.0,0.0,0.0
libhtp,2019-08-27 14:20:21.370000,"{libhtp,libfuzzer}","{119f64ec314fcae41723bace5e5d5f73bfd7606c,370060}",2019-08-28 14:07:37.703000,"{libhtp,afl,libfuzzer}","{119f64ec314fcae41723bace5e5d5f73bfd7606c,e9be6bce2282e8db95221c9a17fd10aba9e901bc,370207}",6638.0,10570.0,6638.0,10570.0,0.0,0.0
libhtp,2019-08-28 14:07:37.703000,"{libhtp,afl,libfuzzer}","{119f64ec314fcae41723bace5e5d5f73bfd7606c,e9be6bce2282e8db95221c9a17fd10aba9e901bc,370207}",2019-08-29 14:08:10.341000,"{libhtp,afl,libfuzzer}","{119f64ec314fcae41723bace5e5d5f73bfd7606c,e9be6bce2282e8db95221c9a17fd10aba9e901bc,370359}",6638.0,10570.0,6638.0,10570.0,0.0,0.0
libhtp,2019-08-29 14:08:10.341000,"{libhtp,afl,libfuzzer}","{119f64ec314fcae41723bace5e5d5f73bfd7606c,e9be6bce2282e8db95221c9a17fd10aba9e901bc,370359}",2019-08-30 14:11:20.826000,"{libhtp,afl,libfuzzer}","{119f64ec314fcae41723bace5e5d5f73bfd7606c,e9be6bce2282e8db95221c9a17fd10aba9e901bc,370473}",6638.0,10570.0,6638.0,10570.0,0.0,0.0
libhtp,2019-08-30 14:11:20.826000,"{libhtp,afl,libfuzzer}","{119f64ec314fcae41723bace5e5d5f73bfd7606c,e9be6bce2282e8db95221c9a17fd10aba9e901bc,370473}",2019-08-31 14:05:19.925000,"{libhtp,afl,libfuzzer}","{119f64ec314fcae41723bace5e5d5f73bfd7606c,e9be6bce2282e8db95221c9a17fd10aba9e901bc,370582}",6638.0,10570.0,6638.0,10570.0,0.0,0.0
libhtp,2019-08-31 14:05:19.925000,"{libhtp,afl,libfuzzer}","{119f64ec314fcae41723bace5e5d5f73bfd7606c,e9be6bce2282e8db95221c9a17fd10aba9e901bc,370582}",2019-09-01 14:05:45.040000,"{libhtp,afl,libfuzzer}","{119f64ec314fcae41723bace5e5d5f73bfd7606c,e9be6bce2282e8db95221c9a17fd10aba9e901bc,370611}",6638.0,10570.0,6638.0,10570.0,0.0,0.0
libhtp,2019-09-01 14:05:45.040000,"{libhtp,afl,libfuzzer}","{119f64ec314fcae41723bace5e5d5f73bfd7606c,e9be6bce2282e8db95221c9a17fd10aba9e901bc,370611}",2019-09-02 14:08:47.473000,"{libhtp,afl,libfuzzer}","{119f64ec314fcae41723bace5e5d5f73bfd7606c,e9be6bce2282e8db95221c9a17fd10aba9e901bc,370664}",6638.0,10570.0,6638.0,10570.0,0.0,0.0
libhtp,2019-09-02 14:08:47.473000,"{libhtp,afl,libfuzzer}","{119f64ec314fcae41723bace5e5d5f73bfd7606c,e9be6bce2282e8db95221c9a17fd10aba9e901bc,370664}",2019-09-03 14:10:24.306000,"{libhtp,afl,libfuzzer}","{0f2b1d586cb1575ed168380479e09770997ff1bd,e9be6bce2282e8db95221c9a17fd10aba9e901bc,370758}",6638.0,10570.0,6787.0,10731.0,161.0,0.44629010090836374
libhtp,2019-09-03 14:10:24.306000,"{libhtp,afl,libfuzzer}","{0f2b1d586cb1575ed168380479e09770997ff1bd,e9be6bce2282e8db95221c9a17fd10aba9e901bc,370758}",2019-09-04 14:25:47.364000,"{libhtp,afl,libfuzzer}","{0f2b1d586cb1575ed168380479e09770997ff1bd,e9be6bce2282e8db95221c9a17fd10aba9e901bc,370907}",6787.0,10731.0,6787.0,10731.0,0.0,0.0
libhtp,2019-09-04 14:25:47.364000,"{libhtp,afl,libfuzzer}","{0f2b1d586cb1575ed168380479e09770997ff1bd,e9be6bce2282e8db95221c9a17fd10aba9e901bc,370907}",2019-09-05 14:20:09.357000,"{libhtp,afl,libfuzzer}","{0f2b1d586cb1575ed168380479e09770997ff1bd,e9be6bce2282e8db95221c9a17fd10aba9e901bc,371073}",6787.0,10731.0,6812.0,10731.0,0.0,0.23296990028887876
libhtp,2019-09-05 14:20:09.357000,"{libhtp,afl,libfuzzer}","{0f2b1d586cb1575ed168380479e09770997ff1bd,e9be6bce2282e8db95221c9a17fd10aba9e901bc,371073}",2019-09-06 14:32:17.239000,"{libhtp,afl,libfuzzer}","{0f2b1d586cb1575ed168380479e09770997ff1bd,e9be6bce2282e8db95221c9a17fd10aba9e901bc,371208}",6812.0,10731.0,6841.0,10759.0,28.0,0.10433777525235399
libhtp,2019-09-06 14:32:17.239000,"{libhtp,afl,libfuzzer}","{0f2b1d586cb1575ed168380479e09770997ff1bd,e9be6bce2282e8db95221c9a17fd10aba9e901bc,371208}",2019-09-07 14:06:55.257000,"{libhtp,afl,libfuzzer}","{0f2b1d586cb1575ed168380479e09770997ff1bd,e9be6bce2282e8db95221c9a17fd10aba9e901bc,371311}",6841.0,10759.0,6841.0,10759.0,0.0,0.0
libhtp,2019-09-07 14:06:55.257000,"{libhtp,afl,libfuzzer}","{0f2b1d586cb1575ed168380479e09770997ff1bd,e9be6bce2282e8db95221c9a17fd10aba9e901bc,371311}",2019-09-08 14:06:09.714000,"{libhtp,afl,libfuzzer}","{0f2b1d586cb1575ed168380479e09770997ff1bd,e9be6bce2282e8db95221c9a17fd10aba9e901bc,371332}",6841.0,10759.0,6843.0,10759.0,0.0,0.01858908820522487
libhtp,2019-09-08 14:06:09.714000,"{libhtp,afl,libfuzzer}","{0f2b1d586cb1575ed168380479e09770997ff1bd,e9be6bce2282e8db95221c9a17fd10aba9e901bc,371332}",2019-09-09 14:09:05.516000,"{libhtp,afl,libfuzzer}","{0f2b1d586cb1575ed168380479e09770997ff1bd,e9be6bce2282e8db95221c9a17fd10aba9e901bc,371400}",6843.0,10759.0,6843.0,10759.0,0.0,0.0
libhtp,2019-09-09 14:09:05.516000,"{libhtp,afl,libfuzzer}","{0f2b1d586cb1575ed168380479e09770997ff1bd,e9be6bce2282e8db95221c9a17fd10aba9e901bc,371400}",2019-09-10 14:23:41.838000,"{libhtp,afl,libfuzzer}","{0f2b1d586cb1575ed168380479e09770997ff1bd,e9be6bce2282e8db95221c9a17fd10aba9e901bc,371523}",6843.0,10759.0,6843.0,10759.0,0.0,0.0
libhtp,2019-09-10 14:23:41.838000,"{libhtp,afl,libfuzzer}","{0f2b1d586cb1575ed168380479e09770997ff1bd,e9be6bce2282e8db95221c9a17fd10aba9e901bc,371523}",2019-09-11 14:06:08.328000,"{libhtp,afl,libfuzzer}","{0f2b1d586cb1575ed168380479e09770997ff1bd,e9be6bce2282e8db95221c9a17fd10aba9e901bc,371619}",6843.0,10759.0,6843.0,10759.0,0.0,0.0
libhtp,2019-09-11 14:06:08.328000,"{libhtp,afl,libfuzzer}","{0f2b1d586cb1575ed168380479e09770997ff1bd,e9be6bce2282e8db95221c9a17fd10aba9e901bc,371619}",2019-09-12 14:10:27.182000,"{libhtp,afl,libfuzzer}","{0f2b1d586cb1575ed168380479e09770997ff1bd,e9be6bce2282e8db95221c9a17fd10aba9e901bc,371735}",6843.0,10759.0,6843.0,10759.0,0.0,0.0
libhtp,2019-09-12 14:10:27.182000,"{libhtp,afl,libfuzzer}","{0f2b1d586cb1575ed168380479e09770997ff1bd,e9be6bce2282e8db95221c9a17fd10aba9e901bc,371735}",2019-09-13 14:08:22.198000,"{libhtp,afl,libfuzzer}","{0f2b1d586cb1575ed168380479e09770997ff1bd,e9be6bce2282e8db95221c9a17fd10aba9e901bc,371856}",6843.0,10759.0,6843.0,10759.0,0.0,0.0
libhtp,2019-09-13 14:08:22.198000,"{libhtp,afl,libfuzzer}","{0f2b1d586cb1575ed168380479e09770997ff1bd,e9be6bce2282e8db95221c9a17fd10aba9e901bc,371856}",2019-09-14 14:11:19.814000,"{libhtp,afl,libfuzzer}","{0f2b1d586cb1575ed168380479e09770997ff1bd,e9be6bce2282e8db95221c9a17fd10aba9e901bc,371921}",6843.0,10759.0,6843.0,10759.0,0.0,0.0
libhtp,2019-09-14 14:11:19.814000,"{libhtp,afl,libfuzzer}","{0f2b1d586cb1575ed168380479e09770997ff1bd,e9be6bce2282e8db95221c9a17fd10aba9e901bc,371921}",2019-09-15 14:11:04.804000,"{libhtp,afl,libfuzzer}","{75cbbbd405695e97567931655fd5a441f86e5836,e9be6bce2282e8db95221c9a17fd10aba9e901bc,371931}",6843.0,10759.0,7603.0,11671.0,912.0,1.5418096522761289
libhtp,2019-09-15 14:11:04.804000,"{libhtp,afl,libfuzzer}","{75cbbbd405695e97567931655fd5a441f86e5836,e9be6bce2282e8db95221c9a17fd10aba9e901bc,371931}",2019-09-16 14:10:08.753000,"{libhtp,afl,libfuzzer}","{75cbbbd405695e97567931655fd5a441f86e5836,e9be6bce2282e8db95221c9a17fd10aba9e901bc,371989}",7603.0,11671.0,7700.0,11671.0,0.0,0.8311198697626736
libhtp,2019-09-16 14:10:08.753000,"{libhtp,afl,libfuzzer}","{75cbbbd405695e97567931655fd5a441f86e5836,e9be6bce2282e8db95221c9a17fd10aba9e901bc,371989}",2019-09-17 14:11:35.007000,"{libhtp,afl,libfuzzer}","{9efa5ad27d6c321bcfcc8c2ae984d30bbc29125b,e9be6bce2282e8db95221c9a17fd10aba9e901bc,372124}",7700.0,11671.0,7706.0,11686.0,15.0,-0.033341812617081246
libhtp,2019-09-17 14:11:35.007000,"{libhtp,afl,libfuzzer}","{9efa5ad27d6c321bcfcc8c2ae984d30bbc29125b,e9be6bce2282e8db95221c9a17fd10aba9e901bc,372124}",2019-09-18 14:15:45.543000,"{libhtp,afl,libfuzzer}","{9efa5ad27d6c321bcfcc8c2ae984d30bbc29125b,e9be6bce2282e8db95221c9a17fd10aba9e901bc,372226}",7706.0,11686.0,7706.0,11686.0,0.0,0.0
libhtp,2019-09-18 14:15:45.543000,"{libhtp,afl,libfuzzer}","{9efa5ad27d6c321bcfcc8c2ae984d30bbc29125b,e9be6bce2282e8db95221c9a17fd10aba9e901bc,372226}",2019-09-19 14:14:29.355000,"{libhtp,afl,libfuzzer}","{9efa5ad27d6c321bcfcc8c2ae984d30bbc29125b,e9be6bce2282e8db95221c9a17fd10aba9e901bc,372325}",7706.0,11686.0,7709.0,11686.0,0.0,0.025671743967137672
libhtp,2019-09-19 14:14:29.355000,"{libhtp,afl,libfuzzer}","{9efa5ad27d6c321bcfcc8c2ae984d30bbc29125b,e9be6bce2282e8db95221c9a17fd10aba9e901bc,372325}",2019-09-20 14:13:20.867000,"{libhtp,afl,libfuzzer}","{138f751dbff96ac88bd996a1e2c30b299a445350,1f414d53535ea470bba3858bc1324081baf22c75,372392}",7709.0,11686.0,7726.0,11707.0,21.0,0.026879275672783365
libhtp,2019-09-20 14:13:20.867000,"{libhtp,afl,libfuzzer}","{138f751dbff96ac88bd996a1e2c30b299a445350,1f414d53535ea470bba3858bc1324081baf22c75,372392}",2019-09-21 14:13:03.053000,"{libhtp,afl,libfuzzer}","{138f751dbff96ac88bd996a1e2c30b299a445350,1f414d53535ea470bba3858bc1324081baf22c75,372468}",7726.0,11707.0,7726.0,11707.0,0.0,0.0
libhtp,2019-09-21 14:13:03.053000,"{libhtp,afl,libfuzzer}","{138f751dbff96ac88bd996a1e2c30b299a445350,1f414d53535ea470bba3858bc1324081baf22c75,372468}",2019-09-22 14:10:47.490000,"{libhtp,afl,libfuzzer}","{138f751dbff96ac88bd996a1e2c30b299a445350,1f414d53535ea470bba3858bc1324081baf22c75,372508}",7726.0,11707.0,7726.0,11707.0,0.0,0.0
libhtp,2019-09-22 14:10:47.490000,"{libhtp,afl,libfuzzer}","{138f751dbff96ac88bd996a1e2c30b299a445350,1f414d53535ea470bba3858bc1324081baf22c75,372508}",2019-09-23 14:10:56.685000,"{libhtp,afl,libfuzzer}","{138f751dbff96ac88bd996a1e2c30b299a445350,1f414d53535ea470bba3858bc1324081baf22c75,372609}",7726.0,11707.0,7726.0,11707.0,0.0,0.0
libhtp,2019-09-23 14:10:56.685000,"{libhtp,afl,libfuzzer}","{138f751dbff96ac88bd996a1e2c30b299a445350,1f414d53535ea470bba3858bc1324081baf22c75,372609}",2019-09-24 14:11:25.335000,"{libhtp,afl,libfuzzer}","{f0119bbdb7627b33a2ff1a18cf3c439b96606a14,1f414d53535ea470bba3858bc1324081baf22c75,372761}",7726.0,11707.0,7726.0,11707.0,0.0,0.0
libhtp,2019-09-24 14:11:25.335000,"{libhtp,afl,libfuzzer}","{f0119bbdb7627b33a2ff1a18cf3c439b96606a14,1f414d53535ea470bba3858bc1324081baf22c75,372761}",2019-09-25 14:24:33.168000,"{libhtp,afl,libfuzzer}","{f0119bbdb7627b33a2ff1a18cf3c439b96606a14,1f414d53535ea470bba3858bc1324081baf22c75,372877}",7726.0,11707.0,7726.0,11707.0,0.0,0.0
libhtp,2019-09-25 14:24:33.168000,"{libhtp,afl,libfuzzer}","{f0119bbdb7627b33a2ff1a18cf3c439b96606a14,1f414d53535ea470bba3858bc1324081baf22c75,372877}",2019-09-26 14:11:35.348000,"{libhtp,afl,libfuzzer}","{f0119bbdb7627b33a2ff1a18cf3c439b96606a14,1f414d53535ea470bba3858bc1324081baf22c75,372981}",7726.0,11707.0,7726.0,11707.0,0.0,0.0
libhtp,2019-09-26 14:11:35.348000,"{libhtp,afl,libfuzzer}","{f0119bbdb7627b33a2ff1a18cf3c439b96606a14,1f414d53535ea470bba3858bc1324081baf22c75,372981}",2019-09-27 14:20:19.161000,"{libhtp,afl,libfuzzer}","{f0119bbdb7627b33a2ff1a18cf3c439b96606a14,8da80951dd7eeeb3e3b5a3bcd36c485045f40274,373089}",7726.0,11707.0,7726.0,11707.0,0.0,0.0
libhtp,2019-09-27 14:20:19.161000,"{libhtp,afl,libfuzzer}","{f0119bbdb7627b33a2ff1a18cf3c439b96606a14,8da80951dd7eeeb3e3b5a3bcd36c485045f40274,373089}",2019-09-28 23:41:36.463000,"{libhtp,afl,libfuzzer}","{f0119bbdb7627b33a2ff1a18cf3c439b96606a14,8da80951dd7eeeb3e3b5a3bcd36c485045f40274,373153}",7726.0,11707.0,7726.0,11707.0,0.0,0.0
libhtp,2019-09-28 23:41:36.463000,"{libhtp,afl,libfuzzer}","{f0119bbdb7627b33a2ff1a18cf3c439b96606a14,8da80951dd7eeeb3e3b5a3bcd36c485045f40274,373153}",2019-09-29 14:13:21.009000,"{libhtp,afl,libfuzzer}","{f0119bbdb7627b33a2ff1a18cf3c439b96606a14,8da80951dd7eeeb3e3b5a3bcd36c485045f40274,373165}",7726.0,11707.0,7726.0,11707.0,0.0,0.0
libhtp,2019-09-29 14:13:21.009000,"{libhtp,afl,libfuzzer}","{f0119bbdb7627b33a2ff1a18cf3c439b96606a14,8da80951dd7eeeb3e3b5a3bcd36c485045f40274,373165}",2019-09-30 14:20:56.886000,"{libhtp,afl,libfuzzer}","{f0119bbdb7627b33a2ff1a18cf3c439b96606a14,8da80951dd7eeeb3e3b5a3bcd36c485045f40274,373211}",7726.0,11707.0,7726.0,11707.0,0.0,0.0
libhtp,2019-09-30 14:20:56.886000,"{libhtp,afl,libfuzzer}","{f0119bbdb7627b33a2ff1a18cf3c439b96606a14,8da80951dd7eeeb3e3b5a3bcd36c485045f40274,373211}",2019-10-01 14:22:28.197000,"{libhtp,afl,libfuzzer}","{f0119bbdb7627b33a2ff1a18cf3c439b96606a14,8da80951dd7eeeb3e3b5a3bcd36c485045f40274,373340}",7726.0,11707.0,7726.0,11707.0,0.0,0.0
libhtp,2019-10-01 14:22:28.197000,"{libhtp,afl,libfuzzer}","{f0119bbdb7627b33a2ff1a18cf3c439b96606a14,8da80951dd7eeeb3e3b5a3bcd36c485045f40274,373340}",2019-10-02 14:33:37.105000,"{libhtp,afl,libfuzzer}","{f0119bbdb7627b33a2ff1a18cf3c439b96606a14,8da80951dd7eeeb3e3b5a3bcd36c485045f40274,373476}",7726.0,11707.0,7726.0,11707.0,0.0,0.0
libhtp,2019-10-02 14:33:37.105000,"{libhtp,afl,libfuzzer}","{f0119bbdb7627b33a2ff1a18cf3c439b96606a14,8da80951dd7eeeb3e3b5a3bcd36c485045f40274,373476}",2019-10-03 14:16:46.086000,"{libhtp,afl,libfuzzer}","{f0119bbdb7627b33a2ff1a18cf3c439b96606a14,8da80951dd7eeeb3e3b5a3bcd36c485045f40274,373599}",7726.0,11707.0,7726.0,11707.0,0.0,0.0
libhtp,2019-10-03 14:16:46.086000,"{libhtp,afl,libfuzzer}","{f0119bbdb7627b33a2ff1a18cf3c439b96606a14,8da80951dd7eeeb3e3b5a3bcd36c485045f40274,373599}",2019-10-04 14:16:31.955000,"{libhtp,afl,libfuzzer}","{f0119bbdb7627b33a2ff1a18cf3c439b96606a14,8da80951dd7eeeb3e3b5a3bcd36c485045f40274,373750}",7726.0,11707.0,7726.0,11707.0,0.0,0.0
libhtp,2019-10-04 14:16:31.955000,"{libhtp,afl,libfuzzer}","{f0119bbdb7627b33a2ff1a18cf3c439b96606a14,8da80951dd7eeeb3e3b5a3bcd36c485045f40274,373750}",2019-10-05 14:11:45.575000,"{libhtp,afl,libfuzzer}","{f0119bbdb7627b33a2ff1a18cf3c439b96606a14,8da80951dd7eeeb3e3b5a3bcd36c485045f40274,373829}",7726.0,11707.0,7726.0,11707.0,0.0,0.0
libhtp,2019-10-05 14:11:45.575000,"{libhtp,afl,libfuzzer}","{f0119bbdb7627b33a2ff1a18cf3c439b96606a14,8da80951dd7eeeb3e3b5a3bcd36c485045f40274,373829}",2019-10-06 14:19:13.432000,"{libhtp,afl,libfuzzer}","{f0119bbdb7627b33a2ff1a18cf3c439b96606a14,8da80951dd7eeeb3e3b5a3bcd36c485045f40274,373851}",7726.0,11707.0,7726.0,11707.0,0.0,0.0
libhtp,2019-10-06 14:19:13.432000,"{libhtp,afl,libfuzzer}","{f0119bbdb7627b33a2ff1a18cf3c439b96606a14,8da80951dd7eeeb3e3b5a3bcd36c485045f40274,373851}",2019-10-07 14:18:59.348000,"{libhtp,afl,libfuzzer}","{f0119bbdb7627b33a2ff1a18cf3c439b96606a14,8da80951dd7eeeb3e3b5a3bcd36c485045f40274,373909}",7726.0,11707.0,7726.0,11707.0,0.0,0.0
libhtp,2019-10-07 14:18:59.348000,"{libhtp,afl,libfuzzer}","{f0119bbdb7627b33a2ff1a18cf3c439b96606a14,8da80951dd7eeeb3e3b5a3bcd36c485045f40274,373909}",2019-10-08 14:20:33.102000,"{libhtp,afl,libfuzzer}","{f0119bbdb7627b33a2ff1a18cf3c439b96606a14,8da80951dd7eeeb3e3b5a3bcd36c485045f40274,374051}",7726.0,11707.0,7726.0,11707.0,0.0,0.0
libhtp,2019-10-08 14:20:33.102000,"{libhtp,afl,libfuzzer}","{f0119bbdb7627b33a2ff1a18cf3c439b96606a14,8da80951dd7eeeb3e3b5a3bcd36c485045f40274,374051}",2019-10-09 14:21:27.476000,"{libhtp,afl,libfuzzer}","{f0119bbdb7627b33a2ff1a18cf3c439b96606a14,8da80951dd7eeeb3e3b5a3bcd36c485045f40274,374169}",7726.0,11707.0,7726.0,11707.0,0.0,0.0
libhtp,2019-10-09 14:21:27.476000,"{libhtp,afl,libfuzzer}","{f0119bbdb7627b33a2ff1a18cf3c439b96606a14,8da80951dd7eeeb3e3b5a3bcd36c485045f40274,374169}",2019-10-10 14:26:44.759000,"{libhtp,afl,libfuzzer}","{f0119bbdb7627b33a2ff1a18cf3c439b96606a14,8da80951dd7eeeb3e3b5a3bcd36c485045f40274,374358}",7726.0,11707.0,7726.0,11707.0,0.0,0.0
libhtp,2019-10-10 14:26:44.759000,"{libhtp,afl,libfuzzer}","{f0119bbdb7627b33a2ff1a18cf3c439b96606a14,8da80951dd7eeeb3e3b5a3bcd36c485045f40274,374358}",2019-10-11 14:20:05.774000,"{libhtp,afl,libfuzzer}","{f0119bbdb7627b33a2ff1a18cf3c439b96606a14,8da80951dd7eeeb3e3b5a3bcd36c485045f40274,374555}",7726.0,11707.0,7726.0,11707.0,0.0,0.0
libhtp,2019-10-11 14:20:05.774000,"{libhtp,afl,libfuzzer}","{f0119bbdb7627b33a2ff1a18cf3c439b96606a14,8da80951dd7eeeb3e3b5a3bcd36c485045f40274,374555}",2019-10-12 14:17:44.478000,"{libhtp,afl,libfuzzer}","{f0119bbdb7627b33a2ff1a18cf3c439b96606a14,8da80951dd7eeeb3e3b5a3bcd36c485045f40274,374655}",7726.0,11707.0,7726.0,11707.0,0.0,0.0
libhtp,2019-10-12 14:17:44.478000,"{libhtp,afl,libfuzzer}","{f0119bbdb7627b33a2ff1a18cf3c439b96606a14,8da80951dd7eeeb3e3b5a3bcd36c485045f40274,374655}",2019-10-13 14:16:52.030000,"{libhtp,afl,libfuzzer}","{f0119bbdb7627b33a2ff1a18cf3c439b96606a14,8da80951dd7eeeb3e3b5a3bcd36c485045f40274,374719}",7726.0,11707.0,7726.0,11707.0,0.0,0.0
libhtp,2019-10-13 14:16:52.030000,"{libhtp,afl,libfuzzer}","{f0119bbdb7627b33a2ff1a18cf3c439b96606a14,8da80951dd7eeeb3e3b5a3bcd36c485045f40274,374719}",2019-10-14 14:19:50.932000,"{libhtp,afl,libfuzzer}","{f0119bbdb7627b33a2ff1a18cf3c439b96606a14,8da80951dd7eeeb3e3b5a3bcd36c485045f40274,374776}",7726.0,11707.0,7726.0,11707.0,0.0,0.0
libhtp,2019-10-14 14:19:50.932000,"{libhtp,afl,libfuzzer}","{f0119bbdb7627b33a2ff1a18cf3c439b96606a14,8da80951dd7eeeb3e3b5a3bcd36c485045f40274,374776}",2019-10-15 14:23:19.137000,"{libhtp,afl,libfuzzer}","{f0119bbdb7627b33a2ff1a18cf3c439b96606a14,8da80951dd7eeeb3e3b5a3bcd36c485045f40274,374895}",7726.0,11707.0,7726.0,11707.0,0.0,0.0
libhtp,2019-10-15 14:23:19.137000,"{libhtp,afl,libfuzzer}","{f0119bbdb7627b33a2ff1a18cf3c439b96606a14,8da80951dd7eeeb3e3b5a3bcd36c485045f40274,374895}",2019-10-16 14:24:34.540000,"{libhtp,afl,libfuzzer}","{f0119bbdb7627b33a2ff1a18cf3c439b96606a14,8da80951dd7eeeb3e3b5a3bcd36c485045f40274,375002}",7726.0,11707.0,7726.0,11707.0,0.0,0.0
libhtp,2019-10-16 14:24:34.540000,"{libhtp,afl,libfuzzer}","{f0119bbdb7627b33a2ff1a18cf3c439b96606a14,8da80951dd7eeeb3e3b5a3bcd36c485045f40274,375002}",2019-10-17 14:21:49.955000,"{libhtp,afl,libfuzzer}","{f0119bbdb7627b33a2ff1a18cf3c439b96606a14,8da80951dd7eeeb3e3b5a3bcd36c485045f40274,375118}",7726.0,11707.0,7726.0,11707.0,0.0,0.0
libhtp,2019-10-17 14:21:49.955000,"{libhtp,afl,libfuzzer}","{f0119bbdb7627b33a2ff1a18cf3c439b96606a14,8da80951dd7eeeb3e3b5a3bcd36c485045f40274,375118}",2019-10-18 14:21:15.406000,"{libhtp,afl,libfuzzer}","{f0119bbdb7627b33a2ff1a18cf3c439b96606a14,8da80951dd7eeeb3e3b5a3bcd36c485045f40274,375237}",7726.0,11707.0,7726.0,11707.0,0.0,0.0
libhtp,2019-10-18 14:21:15.406000,"{libhtp,afl,libfuzzer}","{f0119bbdb7627b33a2ff1a18cf3c439b96606a14,8da80951dd7eeeb3e3b5a3bcd36c485045f40274,375237}",2019-10-19 14:16:43.616000,"{libhtp,afl,libfuzzer}","{f0119bbdb7627b33a2ff1a18cf3c439b96606a14,8da80951dd7eeeb3e3b5a3bcd36c485045f40274,375342}",7726.0,11707.0,7726.0,11707.0,0.0,0.0
libhtp,2019-10-19 14:16:43.616000,"{libhtp,afl,libfuzzer}","{f0119bbdb7627b33a2ff1a18cf3c439b96606a14,8da80951dd7eeeb3e3b5a3bcd36c485045f40274,375342}",2019-10-20 14:19:49.202000,"{libhtp,afl,libfuzzer}","{f0119bbdb7627b33a2ff1a18cf3c439b96606a14,8da80951dd7eeeb3e3b5a3bcd36c485045f40274,375359}",7726.0,11707.0,7726.0,11707.0,0.0,0.0
libhtp,2019-10-20 14:19:49.202000,"{libhtp,afl,libfuzzer}","{f0119bbdb7627b33a2ff1a18cf3c439b96606a14,8da80951dd7eeeb3e3b5a3bcd36c485045f40274,375359}",2019-10-21 14:21:41.348000,"{libhtp,afl,libfuzzer}","{f0119bbdb7627b33a2ff1a18cf3c439b96606a14,8da80951dd7eeeb3e3b5a3bcd36c485045f40274,375415}",7726.0,11707.0,7726.0,11707.0,0.0,0.0
libhtp,2019-10-21 14:21:41.348000,"{libhtp,afl,libfuzzer}","{f0119bbdb7627b33a2ff1a18cf3c439b96606a14,8da80951dd7eeeb3e3b5a3bcd36c485045f40274,375415}",2019-10-22 14:21:25.199000,"{libhtp,afl,libfuzzer}","{f0119bbdb7627b33a2ff1a18cf3c439b96606a14,8da80951dd7eeeb3e3b5a3bcd36c485045f40274,375501}",7726.0,11707.0,7726.0,11707.0,0.0,0.0
libhtp,2019-10-22 14:21:25.199000,"{libhtp,afl,libfuzzer}","{f0119bbdb7627b33a2ff1a18cf3c439b96606a14,8da80951dd7eeeb3e3b5a3bcd36c485045f40274,375501}",2019-10-23 14:20:44.941000,"{libhtp,afl,libfuzzer}","{f0119bbdb7627b33a2ff1a18cf3c439b96606a14,8da80951dd7eeeb3e3b5a3bcd36c485045f40274,375507}",7726.0,11707.0,7726.0,11707.0,0.0,0.0
libhtp,2019-11-22 15:11:04.982000,"{libhtp,afl,libfuzzer}","{f0119bbdb7627b33a2ff1a18cf3c439b96606a14,8da80951dd7eeeb3e3b5a3bcd36c485045f40274,375507}",2019-11-23 15:13:28.161000,"{libhtp,afl}","{f0119bbdb7627b33a2ff1a18cf3c439b96606a14,8da80951dd7eeeb3e3b5a3bcd36c485045f40274}",7726.0,11707.0,0.0,11694.0,-13.0,-65.99470402323396
libhtp,2019-12-08 15:09:46.506000,"{libhtp,afl}","{f0119bbdb7627b33a2ff1a18cf3c439b96606a14,8da80951dd7eeeb3e3b5a3bcd36c485045f40274}",2019-12-09 15:10:33.390000,"{libhtp,afl}","{d01949a3984c2b5ba20260b0766abe8b201c1c76,8da80951dd7eeeb3e3b5a3bcd36c485045f40274}",7726.0,11707.0,7712.0,11762.0,55.0,-0.4276235947354081
libhtp,2019-12-11 15:10:55.163000,"{libhtp,afl}","{d01949a3984c2b5ba20260b0766abe8b201c1c76,8da80951dd7eeeb3e3b5a3bcd36c485045f40274}",2019-12-12 15:13:33.847000,"{libhtp,afl}","{234431b6f32ff2ef25e0e3ec482afe19a1f4e299,8da80951dd7eeeb3e3b5a3bcd36c485045f40274}",7777.0,11762.0,7788.0,11769.0,7.0,0.054139013278174275
libhtp,2019-12-12 15:13:33.847000,"{libhtp,afl}","{234431b6f32ff2ef25e0e3ec482afe19a1f4e299,8da80951dd7eeeb3e3b5a3bcd36c485045f40274}",2019-12-13 15:13:56.297000,"{libhtp,afl}","{aff5fb54b5eaca4b82a097a6efc4c421c0962a15,8da80951dd7eeeb3e3b5a3bcd36c485045f40274}",7788.0,11769.0,7788.0,11780.0,11.0,-0.06179221663889223
libhtp,2020-04-05 13:47:44.939000,"{libhtp,afl}","{aff5fb54b5eaca4b82a097a6efc4c421c0962a15,8da80951dd7eeeb3e3b5a3bcd36c485045f40274}",2020-04-06 13:47:31.861000,"{libhtp,afl}","{8a942c1c457bf4ca597caf1acaf08ef0a4171b8c,8da80951dd7eeeb3e3b5a3bcd36c485045f40274}",7786.0,11780.0,7829.0,11833.0,53.0,0.06735070994371029
libhtp,2020-04-24 13:47:59.223000,"{libhtp,afl}","{8a942c1c457bf4ca597caf1acaf08ef0a4171b8c,8da80951dd7eeeb3e3b5a3bcd36c485045f40274}",2020-04-25 13:47:49.126000,"{libhtp,afl}","{e954fed3f875c0d3515576ca6bff0ae239f10834,8da80951dd7eeeb3e3b5a3bcd36c485045f40274}",7827.0,11833.0,7831.0,11822.0,-11.0,0.09538155789940106
libhtp,2020-04-27 13:47:56.917000,"{libhtp,afl}","{e954fed3f875c0d3515576ca6bff0ae239f10834,8da80951dd7eeeb3e3b5a3bcd36c485045f40274}",2020-04-28 13:47:52.316000,"{libhtp,afl}","{1e5c2a075ee8311917448ebf57631f8b1bf4aba3,8da80951dd7eeeb3e3b5a3bcd36c485045f40274}",7833.0,11822.0,7835.0,11824.0,2.0,0.005707404533964677
libhtp,2020-06-30 13:52:45.463000,"{libhtp,afl}","{1e5c2a075ee8311917448ebf57631f8b1bf4aba3,8da80951dd7eeeb3e3b5a3bcd36c485045f40274}",2020-07-01 13:50:43.792000,"{libhtp,afl}","{1e5c2a075ee8311917448ebf57631f8b1bf4aba3,518e42281f77768215851d31fc61e8970ce21481}",7774.0,11824.0,7783.0,11824.0,0.0,0.07611637347767441
libhtp,2020-07-04 13:49:37.580000,"{libhtp,afl}","{1e5c2a075ee8311917448ebf57631f8b1bf4aba3,518e42281f77768215851d31fc61e8970ce21481}",2020-07-05 13:48:37.596000,"{libhtp,afl}","{1e5c2a075ee8311917448ebf57631f8b1bf4aba3,82b5e359463238d790cadbe2dd494d6a4928bff3}",7779.0,11824.0,7783.0,11824.0,0.0,0.033829499323402956
libhtp,2020-09-01 06:34:56.980000,"{libhtp,afl}","{1e5c2a075ee8311917448ebf57631f8b1bf4aba3,82b5e359463238d790cadbe2dd494d6a4928bff3}",2020-09-02 06:46:24.027000,"{libhtp,afl}","{378de9f838396b1f1c00cfb035f2ca46c548d6e6,82b5e359463238d790cadbe2dd494d6a4928bff3}",6824.0,10432.0,6831.0,10464.0,32.0,-0.13314712669556172
libhtp,2020-09-02 06:46:24.027000,"{libhtp,afl}","{378de9f838396b1f1c00cfb035f2ca46c548d6e6,82b5e359463238d790cadbe2dd494d6a4928bff3}",2020-09-03 08:30:21.319000,"{libhtp,afl}","{1c02128701ec287c072b75e8797300ba471b7de7,82b5e359463238d790cadbe2dd494d6a4928bff3}",6831.0,10464.0,6838.0,10468.0,4.0,0.041925501221712125
libhtp,2020-09-10 06:27:54.489000,"{libhtp,afl}","{1c02128701ec287c072b75e8797300ba471b7de7,82b5e359463238d790cadbe2dd494d6a4928bff3}",2020-09-11 06:14:44.049000,"{libhtp,afl}","{278b80b9aa77ef656533c8f82cf2ac8dc907f505,82b5e359463238d790cadbe2dd494d6a4928bff3}",6810.0,10468.0,6813.0,10496.0,28.0,-0.1449648813573532
libhtp,2020-09-11 06:14:44.049000,"{libhtp,afl}","{278b80b9aa77ef656533c8f82cf2ac8dc907f505,82b5e359463238d790cadbe2dd494d6a4928bff3}",2020-09-12 07:22:48.391000,"{libhtp,afl}","{2a65274fb59db41cd90a53ad06a68e06b5999b30,82b5e359463238d790cadbe2dd494d6a4928bff3}",6813.0,10496.0,6831.0,10496.0,0.0,0.17149390243903895
libhtp,2020-10-08 06:56:31.844000,"{libhtp,afl}","{2a65274fb59db41cd90a53ad06a68e06b5999b30,82b5e359463238d790cadbe2dd494d6a4928bff3}",2020-10-09 09:12:09.499000,"{libhtp,afl}","{9cce4fb5348027fe666f21beeb829324a3afe79a,82b5e359463238d790cadbe2dd494d6a4928bff3}",6834.0,10496.0,6840.0,10513.0,17.0,-0.048214478357806456
libhtp,2020-10-14 08:08:17.992000,"{libhtp,afl}","{9cce4fb5348027fe666f21beeb829324a3afe79a,82b5e359463238d790cadbe2dd494d6a4928bff3}",2020-10-15 08:54:00.816000,"{libhtp,afl}","{cd7bd90371f1984dff7252ceeaed4e0a34a41ed2,82b5e359463238d790cadbe2dd494d6a4928bff3}",6834.0,10513.0,6834.0,10513.0,0.0,0.0
libhtp,2020-12-02 06:06:18.902000,"{libhtp,afl}","{cd7bd90371f1984dff7252ceeaed4e0a34a41ed2,82b5e359463238d790cadbe2dd494d6a4928bff3}",2020-12-03 06:06:15.861000,"{libhtp,afl}","{e198e8f280dec64f048b7e8e84cb33753c2b919d,82b5e359463238d790cadbe2dd494d6a4928bff3}",5550.0,8573.0,5537.0,8566.0,-7.0,-0.09885980394605554
libhtp,2020-12-03 06:06:15.861000,"{libhtp,afl}","{e198e8f280dec64f048b7e8e84cb33753c2b919d,82b5e359463238d790cadbe2dd494d6a4928bff3}",2020-12-04 06:05:13.972000,"{libhtp,afl}","{429d4ab1c4beb25716edf153548971ca8918be2c,82b5e359463238d790cadbe2dd494d6a4928bff3}",5537.0,8566.0,5543.0,8566.0,0.0,0.07004436142889858
libhtp,2021-01-11 06:52:31.457000,"{libhtp,afl}","{429d4ab1c4beb25716edf153548971ca8918be2c,82b5e359463238d790cadbe2dd494d6a4928bff3}",2021-01-13 08:17:49.421000,"{libhtp,afl}","{6237686d469dcf61e65d273616cff556d23665a5,82b5e359463238d790cadbe2dd494d6a4928bff3}",5543.0,8566.0,5566.0,8571.0,5.0,0.23059776227974282
libhtp,2021-01-15 07:36:15.618000,"{libhtp,afl}","{6237686d469dcf61e65d273616cff556d23665a5,82b5e359463238d790cadbe2dd494d6a4928bff3}",2021-01-16 09:35:24.104000,"{libhtp,afl}","{4d7bfd871691e6dcb34ff01c02c1dbeef7ca8606,82b5e359463238d790cadbe2dd494d6a4928bff3}",5566.0,8571.0,5579.0,8585.0,14.0,0.04552605809284671
libhtp,2021-01-25 06:28:23.836000,"{libhtp,afl}","{4d7bfd871691e6dcb34ff01c02c1dbeef7ca8606,82b5e359463238d790cadbe2dd494d6a4928bff3}",2021-01-26 06:14:07.544000,"{libhtp,aflplusplus,afl}","{49ca281eda41d72cd57f79a4d908183c8f11944e,068bef5eab942df0a133c92522f2ab81b28ac636,82b5e359463238d790cadbe2dd494d6a4928bff3}",5579.0,8585.0,5592.0,8673.0,88.0,-0.5094798449670037
libhtp,2021-01-31 08:45:20.971000,"{libhtp,aflplusplus,afl}","{49ca281eda41d72cd57f79a4d908183c8f11944e,068bef5eab942df0a133c92522f2ab81b28ac636,82b5e359463238d790cadbe2dd494d6a4928bff3}",2021-02-01 09:19:24.129000,"{libhtp,aflplusplus}","{49ca281eda41d72cd57f79a4d908183c8f11944e,068bef5eab942df0a133c92522f2ab81b28ac636}",5586.0,8673.0,5590.0,8673.0,0.0,0.04612014297245537
libhtp,2021-02-01 09:19:24.129000,"{libhtp,aflplusplus}","{49ca281eda41d72cd57f79a4d908183c8f11944e,068bef5eab942df0a133c92522f2ab81b28ac636}",2021-02-02 06:16:13.285000,"{libhtp,aflplusplus,afl}","{49ca281eda41d72cd57f79a4d908183c8f11944e,654f389e73c9fd5b7e141b33ea28ab0fdda3178f,82b5e359463238d790cadbe2dd494d6a4928bff3}",5590.0,8673.0,5590.0,8673.0,0.0,0.0
libhtp,2021-02-02 06:16:13.285000,"{libhtp,aflplusplus,afl}","{49ca281eda41d72cd57f79a4d908183c8f11944e,654f389e73c9fd5b7e141b33ea28ab0fdda3178f,82b5e359463238d790cadbe2dd494d6a4928bff3}",2021-02-03 11:16:02.530000,"{libhtp,aflplusplus}","{49ca281eda41d72cd57f79a4d908183c8f11944e,1f71b85426f837ebcae8381897d44a3a67c73a4f}",5590.0,8673.0,5592.0,8673.0,0.0,0.023060071486227685
libhtp,2021-02-06 10:10:43.881000,"{libhtp,aflplusplus}","{49ca281eda41d72cd57f79a4d908183c8f11944e,1f71b85426f837ebcae8381897d44a3a67c73a4f}",2021-02-07 06:05:01.092000,"{libhtp,aflplusplus}","{49ca281eda41d72cd57f79a4d908183c8f11944e,a763c61d89f90330bcde7c294c57cfccda1431b8}",5592.0,8673.0,5592.0,8673.0,0.0,0.0
libhtp,2021-02-07 06:05:01.092000,"{libhtp,aflplusplus}","{49ca281eda41d72cd57f79a4d908183c8f11944e,a763c61d89f90330bcde7c294c57cfccda1431b8}",2021-02-08 07:14:22.624000,"{libhtp,aflplusplus}","{49ca281eda41d72cd57f79a4d908183c8f11944e,aeb7d7048371cd91ab9280c3958f1c35e5d5e758}",5592.0,8673.0,5592.0,8673.0,0.0,0.0
libhtp,2021-02-18 06:15:39.833000,"{libhtp,aflplusplus}","{49ca281eda41d72cd57f79a4d908183c8f11944e,aeb7d7048371cd91ab9280c3958f1c35e5d5e758}",2021-02-20 10:07:17.171000,"{libhtp,aflplusplus}","{49ca281eda41d72cd57f79a4d908183c8f11944e,5dd35f5281afec0955c08fe9f99e3c83222b7764}",5592.0,8673.0,5592.0,8673.0,0.0,0.0
libhtp,2021-02-22 09:00:48.382000,"{libhtp,aflplusplus}","{49ca281eda41d72cd57f79a4d908183c8f11944e,5dd35f5281afec0955c08fe9f99e3c83222b7764}",2021-02-23 08:19:36.528000,"{libhtp,aflplusplus}","{2d5f85ad7980ed784b0529f58489cd0c2d563a79,a252943236b12c080248747bee06c9c5084b871e}",5592.0,8673.0,5592.0,8673.0,0.0,0.0
libhtp,2021-02-26 06:50:18.826000,"{libhtp,aflplusplus}","{2d5f85ad7980ed784b0529f58489cd0c2d563a79,a252943236b12c080248747bee06c9c5084b871e}",2021-02-27 06:32:54.954000,"{libhtp,aflplusplus}","{2d5f85ad7980ed784b0529f58489cd0c2d563a79,78d96c4dc86ac20e2a6e244017407ccc037ff13b}",5592.0,8673.0,5592.0,8673.0,0.0,0.0
libhtp,2021-03-01 07:06:48.852000,"{libhtp,aflplusplus}","{2d5f85ad7980ed784b0529f58489cd0c2d563a79,78d96c4dc86ac20e2a6e244017407ccc037ff13b}",2021-03-02 06:48:55.867000,"{libhtp,aflplusplus}","{2d5f85ad7980ed784b0529f58489cd0c2d563a79,c3a8052a16f7d2d1947ea538719905a9d7a24d22}",5592.0,8673.0,5592.0,8673.0,0.0,0.0
libhtp,2021-03-02 06:48:55.867000,"{libhtp,aflplusplus}","{2d5f85ad7980ed784b0529f58489cd0c2d563a79,c3a8052a16f7d2d1947ea538719905a9d7a24d22}",2021-03-03 06:38:10.932000,"{libhtp,aflplusplus}","{eaa2db29e65e7f2691c18a9022aeb5fb836ec5f1,333509bb0a56be9bd2e236f0e2f37d4af2dd7d59}",5592.0,8673.0,5592.0,8673.0,0.0,0.0
libhtp,2021-03-04 09:26:21.352000,"{libhtp,aflplusplus}","{eaa2db29e65e7f2691c18a9022aeb5fb836ec5f1,333509bb0a56be9bd2e236f0e2f37d4af2dd7d59}",2021-03-05 08:15:40.150000,"{libhtp,aflplusplus}","{eaa2db29e65e7f2691c18a9022aeb5fb836ec5f1,79d75d8e42e5adf64e149ab6e1fe197cb1d4f303}",5592.0,8673.0,5592.0,8673.0,0.0,0.0
libhtp,2021-03-05 08:15:40.150000,"{libhtp,aflplusplus}","{eaa2db29e65e7f2691c18a9022aeb5fb836ec5f1,79d75d8e42e5adf64e149ab6e1fe197cb1d4f303}",2021-03-06 08:03:08.522000,"{libhtp,aflplusplus}","{eaa2db29e65e7f2691c18a9022aeb5fb836ec5f1,41ad23041b98917e9c38873f5b296ab98e59e460}",5592.0,8673.0,5592.0,8673.0,0.0,0.0
libhtp,2021-03-06 08:03:08.522000,"{libhtp,aflplusplus}","{eaa2db29e65e7f2691c18a9022aeb5fb836ec5f1,41ad23041b98917e9c38873f5b296ab98e59e460}",2021-03-07 08:25:07.989000,"{libhtp,aflplusplus}","{eaa2db29e65e7f2691c18a9022aeb5fb836ec5f1,9b3d8c327d33191b181219ffce411b40bdbe8902}",5592.0,8673.0,5585.0,8673.0,0.0,-0.08071025020177558
libhtp,2021-03-09 06:05:26.104000,"{libhtp,aflplusplus}","{eaa2db29e65e7f2691c18a9022aeb5fb836ec5f1,9b3d8c327d33191b181219ffce411b40bdbe8902}",2021-03-11 06:44:59.422000,"{libhtp,aflplusplus}","{eaa2db29e65e7f2691c18a9022aeb5fb836ec5f1,74a6044b3fba496c1255f9aedbf5b7253ae29f0e}",5592.0,8673.0,5592.0,8673.0,0.0,0.0
libhtp,2021-03-16 06:31:31.978000,"{libhtp,aflplusplus}","{eaa2db29e65e7f2691c18a9022aeb5fb836ec5f1,74a6044b3fba496c1255f9aedbf5b7253ae29f0e}",2021-03-17 06:08:12.995000,"{libhtp,aflplusplus}","{eaa2db29e65e7f2691c18a9022aeb5fb836ec5f1,7c2436c7114e21f029b06346421a73910deac578}",5592.0,8673.0,5592.0,8673.0,0.0,0.0
libhtp,2021-03-18 07:48:16.587000,"{libhtp,aflplusplus}","{eaa2db29e65e7f2691c18a9022aeb5fb836ec5f1,7c2436c7114e21f029b06346421a73910deac578}",2021-03-19 10:57:37.070000,"{libhtp,aflplusplus}","{eaa2db29e65e7f2691c18a9022aeb5fb836ec5f1,94312796f936ba1830b61432a0f958e192dd212f}",5592.0,8673.0,5592.0,8673.0,0.0,0.0
libhtp,2021-03-19 10:57:37.070000,"{libhtp,aflplusplus}","{eaa2db29e65e7f2691c18a9022aeb5fb836ec5f1,94312796f936ba1830b61432a0f958e192dd212f}",2021-03-20 08:40:50.132000,"{libhtp,aflplusplus}","{eaa2db29e65e7f2691c18a9022aeb5fb836ec5f1,2102264acf5c271b7560a82771b3af8136af9354}",5592.0,8673.0,5592.0,8673.0,0.0,0.0
libhtp,2021-04-02 08:12:00.564000,"{libhtp,aflplusplus}","{eaa2db29e65e7f2691c18a9022aeb5fb836ec5f1,2102264acf5c271b7560a82771b3af8136af9354}",2021-04-03 07:48:22.619000,"{libhtp,aflplusplus}","{eaa2db29e65e7f2691c18a9022aeb5fb836ec5f1,3ff4ca348c344bded53f53b0d0c4b020a188f26e}",5592.0,8673.0,5592.0,8673.0,0.0,0.0
libhtp,2021-04-10 06:16:07.234000,"{libhtp,aflplusplus}","{eaa2db29e65e7f2691c18a9022aeb5fb836ec5f1,3ff4ca348c344bded53f53b0d0c4b020a188f26e}",2021-04-11 09:51:30.302000,"{libhtp,aflplusplus}","{5aaea8cdc7ceac907b3cdbe265e8a2b5fe74d918,3ff4ca348c344bded53f53b0d0c4b020a188f26e}",5592.0,8673.0,5594.0,8675.0,2.0,0.008189980432149468
libhtp,2021-04-30 06:14:01.455000,"{libhtp,aflplusplus}","{5aaea8cdc7ceac907b3cdbe265e8a2b5fe74d918,3ff4ca348c344bded53f53b0d0c4b020a188f26e}",2021-05-01 10:44:36.134000,"{libhtp,aflplusplus}","{5aaea8cdc7ceac907b3cdbe265e8a2b5fe74d918,f4cc718fdc4571f56280a1efad3645125bee2154}",5594.0,8675.0,5594.0,8675.0,0.0,0.0
libhtp,2021-05-24 07:39:32.610000,"{libhtp,aflplusplus}","{5aaea8cdc7ceac907b3cdbe265e8a2b5fe74d918,f4cc718fdc4571f56280a1efad3645125bee2154}",2021-05-25 07:54:02.571000,"{libhtp,aflplusplus}","{5aaea8cdc7ceac907b3cdbe265e8a2b5fe74d918,5997a4fc09163c1baa186f5a9d00c4c8668a72b1}",5594.0,8675.0,5594.0,8675.0,0.0,0.0
libhtp,2021-06-14 09:07:30.406000,"{libhtp,aflplusplus}","{5aaea8cdc7ceac907b3cdbe265e8a2b5fe74d918,5997a4fc09163c1baa186f5a9d00c4c8668a72b1}",2021-06-15 08:43:25.100000,"{libhtp,aflplusplus}","{5aaea8cdc7ceac907b3cdbe265e8a2b5fe74d918,ade8cdca55951958024c86766453430f904381c5}",5594.0,8675.0,5592.0,8675.0,0.0,-0.02305475504321919
libhtp,2021-06-24 07:10:03.260000,"{libhtp,aflplusplus}","{5aaea8cdc7ceac907b3cdbe265e8a2b5fe74d918,ade8cdca55951958024c86766453430f904381c5}",2021-06-25 09:12:51.470000,"{libhtp,aflplusplus}","{9f1cedbbe3dfd4ddf467f678b684a67e525c33e3,ade8cdca55951958024c86766453430f904381c5}",5594.0,8675.0,5594.0,8675.0,0.0,0.0
libhtp,2021-06-30 09:54:14.293000,"{libhtp,aflplusplus}","{9f1cedbbe3dfd4ddf467f678b684a67e525c33e3,ade8cdca55951958024c86766453430f904381c5}",2021-07-01 08:21:34.575000,"{libhtp,aflplusplus}","{fca44158911a1642880ea5c774151a33ad33d906,ade8cdca55951958024c86766453430f904381c5}",5588.0,8675.0,5594.0,8675.0,0.0,0.06916426512967178
libhtp,2021-07-07 06:28:32.619000,"{libhtp,aflplusplus}","{fca44158911a1642880ea5c774151a33ad33d906,ade8cdca55951958024c86766453430f904381c5}",2021-07-08 06:52:13.255000,"{libhtp,aflplusplus}","{fca44158911a1642880ea5c774151a33ad33d906,405382cbddea8b99543c3fddcaa5738b1ed3ade3}",5594.0,8675.0,5594.0,8675.0,0.0,0.0
libhtp,2021-07-13 09:10:53.405000,"{libhtp,aflplusplus}","{fca44158911a1642880ea5c774151a33ad33d906,405382cbddea8b99543c3fddcaa5738b1ed3ade3}",2021-07-15 09:10:11.188000,"{libhtp,aflplusplus}","{fca44158911a1642880ea5c774151a33ad33d906,4fe572b80f76ff0b0e916b639d1e04d5af48b157}",5594.0,8675.0,5594.0,8675.0,0.0,0.0
libhtp,2021-10-18 09:37:51.086000,"{libhtp,aflplusplus}","{fca44158911a1642880ea5c774151a33ad33d906,4fe572b80f76ff0b0e916b639d1e04d5af48b157}",2021-10-19 09:05:55.343000,"{libhtp,aflplusplus}","{cc3be22de50f95a8f5a0c0f7d95526c2d51df121,4fe572b80f76ff0b0e916b639d1e04d5af48b157}",5600.0,8706.0,5583.0,8732.0,26.0,-0.3862127613719082
libhtp,2021-10-19 09:05:55.343000,"{libhtp,aflplusplus}","{cc3be22de50f95a8f5a0c0f7d95526c2d51df121,4fe572b80f76ff0b0e916b639d1e04d5af48b157}",2021-10-20 07:15:10.788000,"{libhtp,aflplusplus}","{6764f68b0625829f704edf5b12429a7400affa8c,4fe572b80f76ff0b0e916b639d1e04d5af48b157}",5583.0,8732.0,5616.0,8732.0,0.0,0.377920293174526
libhtp,2021-11-11 08:19:59.037000,"{libhtp,aflplusplus}","{6764f68b0625829f704edf5b12429a7400affa8c,4fe572b80f76ff0b0e916b639d1e04d5af48b157}",2021-11-12 06:04:01.312000,"{libhtp,aflplusplus}","{6764f68b0625829f704edf5b12429a7400affa8c,533e979010ca338df6fc415d87668f8187752915}",5607.0,8732.0,5618.0,8732.0,0.0,0.1259734310581706
libhtp,2021-11-17 06:13:55.538000,"{libhtp,aflplusplus}","{6764f68b0625829f704edf5b12429a7400affa8c,533e979010ca338df6fc415d87668f8187752915}",2021-11-18 09:55:02.366000,"{libhtp,aflplusplus}","{6b70803c45894da7a591b2305498335e6df4f9a3,132630d48d0f9fe50e9388f941433c85636587da}",5620.0,8732.0,5620.0,8732.0,0.0,0.0
libhtp,2021-11-19 08:25:07.059000,"{libhtp,aflplusplus}","{6b70803c45894da7a591b2305498335e6df4f9a3,132630d48d0f9fe50e9388f941433c85636587da}",2021-11-20 12:01:20.050000,"{libhtp,aflplusplus}","{6b70803c45894da7a591b2305498335e6df4f9a3,7777045c09c404b1274c930788317525fedb43ad}",5618.0,8732.0,5616.0,8732.0,0.0,-0.02290426019239078
libhtp,2021-11-22 06:14:57.963000,"{libhtp,aflplusplus}","{6b70803c45894da7a591b2305498335e6df4f9a3,7777045c09c404b1274c930788317525fedb43ad}",2021-11-23 06:31:26.931000,"{libhtp,aflplusplus}","{6b70803c45894da7a591b2305498335e6df4f9a3,6f9a98c4a97e8e261fc52891d61f0b0c145b6364}",5620.0,8732.0,5620.0,8732.0,0.0,0.0
libhtp,2021-11-30 10:41:44.138000,"{libhtp,aflplusplus}","{6b70803c45894da7a591b2305498335e6df4f9a3,6f9a98c4a97e8e261fc52891d61f0b0c145b6364}",2021-12-01 09:22:17.270000,"{libhtp,aflplusplus}","{6b70803c45894da7a591b2305498335e6df4f9a3,5525f8c9ef8bb879dadd0eb942d524827d1b0362}",5613.0,8732.0,5620.0,8732.0,0.0,0.08016491067338904
libhtp,2021-12-14 10:07:42.480000,"{libhtp,aflplusplus}","{6b70803c45894da7a591b2305498335e6df4f9a3,5525f8c9ef8bb879dadd0eb942d524827d1b0362}",2021-12-15 11:36:38.990000,"{libhtp,aflplusplus}","{6b70803c45894da7a591b2305498335e6df4f9a3,52dd5d479d411460c8cf2010a89f72e269d799ea}",5618.0,8732.0,5620.0,8732.0,0.0,0.02290426019240499
libhtp,2021-12-15 11:36:38.990000,"{libhtp,aflplusplus}","{6b70803c45894da7a591b2305498335e6df4f9a3,52dd5d479d411460c8cf2010a89f72e269d799ea}",2021-12-16 09:04:47.924000,"{libhtp,aflplusplus}","{6b70803c45894da7a591b2305498335e6df4f9a3,5525f8c9ef8bb879dadd0eb942d524827d1b0362}",5620.0,8732.0,5620.0,8732.0,0.0,0.0
libhtp,2022-01-11 06:23:10.979000,"{libhtp,aflplusplus}","{6b70803c45894da7a591b2305498335e6df4f9a3,5525f8c9ef8bb879dadd0eb942d524827d1b0362}",2022-01-12 10:23:29.075000,"{libhtp,aflplusplus}","{6b70803c45894da7a591b2305498335e6df4f9a3,ef77d552e9b89852b293c300a5a9a9c617945f43}",5620.0,8732.0,5620.0,8732.0,0.0,0.0
libhtp,2022-01-18 09:45:10.962000,"{libhtp,aflplusplus}","{6b70803c45894da7a591b2305498335e6df4f9a3,ef77d552e9b89852b293c300a5a9a9c617945f43}",2022-01-19 08:56:11.181000,"{libhtp,aflplusplus}","{6b70803c45894da7a591b2305498335e6df4f9a3,c5117b42cab9f47448a7f3cfe3edae6708d32528}",5620.0,8732.0,5620.0,8732.0,0.0,0.0
libhtp,2022-01-19 08:56:11.181000,"{libhtp,aflplusplus}","{6b70803c45894da7a591b2305498335e6df4f9a3,c5117b42cab9f47448a7f3cfe3edae6708d32528}",2022-01-20 09:13:44.867000,"{libhtp,fuzz-introspector,aflplusplus}","{6b70803c45894da7a591b2305498335e6df4f9a3,9e3393cd551b65a6bf2de6495013b415f315f74e,c5117b42cab9f47448a7f3cfe3edae6708d32528}",5620.0,8732.0,5614.0,8732.0,0.0,-0.06871278057718655
libhtp,2022-01-20 09:13:44.867000,"{libhtp,fuzz-introspector,aflplusplus}","{6b70803c45894da7a591b2305498335e6df4f9a3,9e3393cd551b65a6bf2de6495013b415f315f74e,c5117b42cab9f47448a7f3cfe3edae6708d32528}",2022-01-21 11:04:01.417000,"{libhtp,fuzz-introspector,aflplusplus}","{6b70803c45894da7a591b2305498335e6df4f9a3,9e3393cd551b65a6bf2de6495013b415f315f74e,550ba4d77294e61597a5259d00769c61281e0042}",5614.0,8732.0,5620.0,8732.0,0.0,0.06871278057718655
libhtp,2022-01-26 06:46:42.750000,"{libhtp,fuzz-introspector,aflplusplus}","{6b70803c45894da7a591b2305498335e6df4f9a3,9e3393cd551b65a6bf2de6495013b415f315f74e,550ba4d77294e61597a5259d00769c61281e0042}",2022-01-27 06:04:32.915000,"{libhtp,fuzz-introspector,aflplusplus}","{966c400f01d43ed862e3243b4531295a9ddfa767,9e3393cd551b65a6bf2de6495013b415f315f74e,550ba4d77294e61597a5259d00769c61281e0042}",5616.0,8732.0,5623.0,8746.0,14.0,-0.022914735500052075
libhtp,2022-01-30 11:03:07.916000,"{libhtp,fuzz-introspector,aflplusplus}","{966c400f01d43ed862e3243b4531295a9ddfa767,9e3393cd551b65a6bf2de6495013b415f315f74e,550ba4d77294e61597a5259d00769c61281e0042}",2022-01-31 16:26:22.187000,"{libhtp,aflplusplus}","{966c400f01d43ed862e3243b4531295a9ddfa767,550ba4d77294e61597a5259d00769c61281e0042}",5623.0,8746.0,5623.0,8746.0,0.0,0.0
libhtp,2022-04-05 08:32:05.577000,"{libhtp,aflplusplus}","{966c400f01d43ed862e3243b4531295a9ddfa767,550ba4d77294e61597a5259d00769c61281e0042}",2022-04-06 13:14:21.935000,"{libhtp,aflplusplus}","{80f6c4031219998e104be3b9565c9cd6a0283b3d,550ba4d77294e61597a5259d00769c61281e0042}",5611.0,8746.0,5624.0,8759.0,13.0,0.05320064505471578
libhtp,2022-04-21 06:10:42.983000,"{libhtp,aflplusplus}","{80f6c4031219998e104be3b9565c9cd6a0283b3d,550ba4d77294e61597a5259d00769c61281e0042}",2022-04-22 06:06:41.205000,"{libhtp,aflplusplus}","{1733478f7fd09e936fea2e024f1d228d40741df2,550ba4d77294e61597a5259d00769c61281e0042}",5636.0,8759.0,5632.0,8759.0,0.0,-0.04566731362027099
libhtp,2022-05-02 06:19:04.049000,"{libhtp,aflplusplus}","{1733478f7fd09e936fea2e024f1d228d40741df2,550ba4d77294e61597a5259d00769c61281e0042}",2022-05-03 06:12:07.774000,"{libhtp,aflplusplus}","{1733478f7fd09e936fea2e024f1d228d40741df2,c208dcf9c573e3d85990c7dea777646f7fa4961c}",5632.0,8759.0,5632.0,8759.0,0.0,0.0
libhtp,2022-09-05 06:05:50.960000,"{libhtp,aflplusplus}","{1733478f7fd09e936fea2e024f1d228d40741df2,c208dcf9c573e3d85990c7dea777646f7fa4961c}",2022-09-06 06:41:20.723000,"{libhtp,centipede,aflplusplus}","{1733478f7fd09e936fea2e024f1d228d40741df2,742e94b26247aaac4cddf0c5ca8787b3ea9fe571,c208dcf9c573e3d85990c7dea777646f7fa4961c}",5630.0,8759.0,5632.0,8759.0,0.0,0.022833656810135494
libhtp,2022-09-06 06:41:20.723000,"{libhtp,centipede,aflplusplus}","{1733478f7fd09e936fea2e024f1d228d40741df2,742e94b26247aaac4cddf0c5ca8787b3ea9fe571,c208dcf9c573e3d85990c7dea777646f7fa4961c}",2022-09-07 06:43:44.450000,"{libhtp,centipede,aflplusplus}","{1733478f7fd09e936fea2e024f1d228d40741df2,534f097e68c469efb88a77116a28f713e67fe750,c208dcf9c573e3d85990c7dea777646f7fa4961c}",5632.0,8759.0,5628.0,8759.0,0.0,-0.0456673136202852
libhtp,2022-09-07 06:43:44.450000,"{libhtp,centipede,aflplusplus}","{1733478f7fd09e936fea2e024f1d228d40741df2,534f097e68c469efb88a77116a28f713e67fe750,c208dcf9c573e3d85990c7dea777646f7fa4961c}",2022-09-08 06:06:59.387000,"{libhtp,centipede,aflplusplus}","{1733478f7fd09e936fea2e024f1d228d40741df2,f29cab3bbe2dc1cf2661e74b6a85214bd23194cb,c208dcf9c573e3d85990c7dea777646f7fa4961c}",5628.0,8759.0,5628.0,8759.0,0.0,0.0
libhtp,2022-09-11 06:12:43.096000,"{libhtp,centipede,aflplusplus}","{1733478f7fd09e936fea2e024f1d228d40741df2,f29cab3bbe2dc1cf2661e74b6a85214bd23194cb,c208dcf9c573e3d85990c7dea777646f7fa4961c}",2022-09-12 06:06:32.284000,"{libhtp,centipede,aflplusplus}","{1733478f7fd09e936fea2e024f1d228d40741df2,a976295b2acaff8461a906c461f5bb25dafdf557,c208dcf9c573e3d85990c7dea777646f7fa4961c}",5632.0,8759.0,5632.0,8759.0,0.0,0.0
libhtp,2022-09-13 06:27:50.203000,"{libhtp,centipede,aflplusplus}","{1733478f7fd09e936fea2e024f1d228d40741df2,a976295b2acaff8461a906c461f5bb25dafdf557,c208dcf9c573e3d85990c7dea777646f7fa4961c}",2022-09-14 06:18:55.106000,"{libhtp,centipede,aflplusplus}","{53fbbbd6554c82268d7d49eed38637452e5d2539,a976295b2acaff8461a906c461f5bb25dafdf557,c208dcf9c573e3d85990c7dea777646f7fa4961c}",5632.0,8759.0,5639.0,8776.0,17.0,-0.04479179795065136
libhtp,2022-09-14 06:18:55.106000,"{libhtp,centipede,aflplusplus}","{53fbbbd6554c82268d7d49eed38637452e5d2539,a976295b2acaff8461a906c461f5bb25dafdf557,c208dcf9c573e3d85990c7dea777646f7fa4961c}",2022-09-15 06:24:29.870000,"{libhtp,centipede,aflplusplus}","{0fcf8dcf09d83a10d399b2fa905e9cbad81671a4,a976295b2acaff8461a906c461f5bb25dafdf557,c208dcf9c573e3d85990c7dea777646f7fa4961c}",5639.0,8776.0,5646.0,8777.0,1.0,0.07243308809621851
libhtp,2022-09-15 06:24:29.870000,"{libhtp,centipede,aflplusplus}","{0fcf8dcf09d83a10d399b2fa905e9cbad81671a4,a976295b2acaff8461a906c461f5bb25dafdf557,c208dcf9c573e3d85990c7dea777646f7fa4961c}",2022-09-16 06:17:14.114000,"{libhtp,centipede,aflplusplus}","{0fcf8dcf09d83a10d399b2fa905e9cbad81671a4,0cb913aa9d77ebd2870aa1036fd8651c2557a9a9,c208dcf9c573e3d85990c7dea777646f7fa4961c}",5646.0,8777.0,5648.0,8777.0,0.0,0.022786829212719795
libhtp,2022-09-19 06:18:07.219000,"{libhtp,centipede,aflplusplus}","{0fcf8dcf09d83a10d399b2fa905e9cbad81671a4,0cb913aa9d77ebd2870aa1036fd8651c2557a9a9,c208dcf9c573e3d85990c7dea777646f7fa4961c}",2022-09-20 06:09:59.529000,"{libhtp,centipede,aflplusplus}","{0fcf8dcf09d83a10d399b2fa905e9cbad81671a4,0cb913aa9d77ebd2870aa1036fd8651c2557a9a9,a7877416a87506424053e52e41f7a995c05367a4}",5650.0,8777.0,5650.0,8777.0,0.0,0.0
libhtp,2022-09-21 06:21:33.304000,"{libhtp,centipede,aflplusplus}","{0fcf8dcf09d83a10d399b2fa905e9cbad81671a4,0cb913aa9d77ebd2870aa1036fd8651c2557a9a9,a7877416a87506424053e52e41f7a995c05367a4}",2022-09-22 06:22:04.355000,"{libhtp,centipede,aflplusplus}","{0fcf8dcf09d83a10d399b2fa905e9cbad81671a4,baa82e7189677bb9086beb5d9b5e58018d991607,a7877416a87506424053e52e41f7a995c05367a4}",5650.0,8777.0,5650.0,8777.0,0.0,0.0
libhtp,2022-09-27 06:34:38.715000,"{libhtp,centipede,aflplusplus}","{0fcf8dcf09d83a10d399b2fa905e9cbad81671a4,baa82e7189677bb9086beb5d9b5e58018d991607,a7877416a87506424053e52e41f7a995c05367a4}",2022-09-28 06:37:45.638000,"{libhtp,centipede,aflplusplus}","{eae6e4c17faf7f888d3d2ce59ca5f99f2420a294,baa82e7189677bb9086beb5d9b5e58018d991607,a7877416a87506424053e52e41f7a995c05367a4}",5650.0,8777.0,5650.0,8777.0,0.0,0.0
libhtp,2022-10-26 19:26:47.493000,"{libhtp,centipede,aflplusplus}","{eae6e4c17faf7f888d3d2ce59ca5f99f2420a294,baa82e7189677bb9086beb5d9b5e58018d991607,a7877416a87506424053e52e41f7a995c05367a4}",2022-10-27 06:05:21.726000,"{libhtp,centipede}","{eae6e4c17faf7f888d3d2ce59ca5f99f2420a294,baa82e7189677bb9086beb5d9b5e58018d991607}",5650.0,8777.0,5642.0,8777.0,0.0,-0.09114731685086497
libhtp,2022-11-16 06:18:28.444000,"{libhtp,centipede}","{eae6e4c17faf7f888d3d2ce59ca5f99f2420a294,baa82e7189677bb9086beb5d9b5e58018d991607}",2022-11-17 06:10:17.981000,{libhtp},{eae6e4c17faf7f888d3d2ce59ca5f99f2420a294},5650.0,8777.0,5650.0,8777.0,0.0,0.0
libhtp,2022-11-22 06:07:22.082000,{libhtp},{eae6e4c17faf7f888d3d2ce59ca5f99f2420a294},2022-11-23 06:15:30.383000,{libhtp},{94656ac67c1eb62b197520e9f8feaf07979cca3b},5642.0,8777.0,5650.0,8786.0,9.0,0.025206600628081333
libhtp,2022-11-27 06:29:08.523000,{libhtp},{94656ac67c1eb62b197520e9f8feaf07979cca3b},2022-11-28 06:21:22.815000,{libhtp},{b14f81bfddbc7206ea713177fcf1e1090257dcd2},5650.0,8786.0,5650.0,8786.0,0.0,0.0
libhtp,2022-12-02 06:07:58.409000,{libhtp},{b14f81bfddbc7206ea713177fcf1e1090257dcd2},2022-12-03 06:41:02.890000,{libhtp},{a16ae4653efd5d79d86f1324c3e17d18c2e83e5e},5650.0,8786.0,5650.0,8786.0,0.0,0.0
libhtp,2023-01-09 06:22:09.354000,{libhtp},{a16ae4653efd5d79d86f1324c3e17d18c2e83e5e},2023-01-10 06:14:10.513000,"{libhtp-rs,libhtp}","{36681d1f8c9a57dd4cd3bca7fe039c3c7b4aebcb,e052371aea5c474f28e351949f4039c050cf1ee6}",5646.0,8786.0,14.0,47204.0,38418.0,-64.23166633144805
libhtp,2023-01-16 06:31:44.395000,"{libhtp-rs,libhtp}","{36681d1f8c9a57dd4cd3bca7fe039c3c7b4aebcb,e052371aea5c474f28e351949f4039c050cf1ee6}",2023-01-17 06:40:19.314000,"{libhtp-rs,libhtp}","{cbf116ba4827f44e9c448db86c3257304428bec2,e052371aea5c474f28e351949f4039c050cf1ee6}",15981.0,47088.0,15982.0,47088.0,0.0,0.0021236833163484903
libhtp,2023-01-17 06:40:19.314000,"{libhtp-rs,libhtp}","{cbf116ba4827f44e9c448db86c3257304428bec2,e052371aea5c474f28e351949f4039c050cf1ee6}",2023-01-18 06:22:52.529000,"{libhtp-rs,libhtp}","{cbf116ba4827f44e9c448db86c3257304428bec2,d0fd95afdf21e0c53278687fa93e43ee34873abf}",15982.0,47088.0,16000.0,47088.0,0.0,0.03822629969418756
libhtp,2023-01-27 06:33:01.184000,"{libhtp-rs,libhtp}","{cbf116ba4827f44e9c448db86c3257304428bec2,d0fd95afdf21e0c53278687fa93e43ee34873abf}",2023-01-28 07:08:42.928000,"{libhtp-rs,libhtp}","{e5dcef89fb15c67a76cb4ac34a00be30f9aa4a7c,d0fd95afdf21e0c53278687fa93e43ee34873abf}",16091.0,47088.0,16064.0,47077.0,-11.0,-0.04936818253761999
libhtp,2023-01-31 17:47:15.645000,"{libhtp-rs,libhtp}","{e5dcef89fb15c67a76cb4ac34a00be30f9aa4a7c,d0fd95afdf21e0c53278687fa93e43ee34873abf}",2023-02-01 06:47:05.320000,"{libhtp-rs,libhtp}","{e6adc47ccb003388ec997e70525b894fdd0fc1d0,d0fd95afdf21e0c53278687fa93e43ee34873abf}",16077.0,47077.0,16186.0,47078.0,1.0,0.23080525012968423
libhtp,2023-02-03 06:17:35.287000,"{libhtp-rs,libhtp}","{e6adc47ccb003388ec997e70525b894fdd0fc1d0,d0fd95afdf21e0c53278687fa93e43ee34873abf}",2023-02-04 06:32:26.210000,"{libhtp-rs,libhtp}","{a80f9f50f7e8e88fe24656387e9695d51e0a90e8,d0fd95afdf21e0c53278687fa93e43ee34873abf}",16190.0,47078.0,16181.0,47078.0,0.0,-0.01911720973703268
libhtp,2023-03-30 06:20:41.893000,"{libhtp-rs,libhtp}","{a80f9f50f7e8e88fe24656387e9695d51e0a90e8,d0fd95afdf21e0c53278687fa93e43ee34873abf}",2023-03-31 06:13:15.572000,"{libhtp-rs,libhtp}","{a80f9f50f7e8e88fe24656387e9695d51e0a90e8,8c43ca10657cedc09b82f5b5e964e386e82b2a5f}",16495.0,47088.0,16434.0,47087.0,-1.0,-0.12880348809005682
libhtp,2023-04-11 06:45:27.871000,"{libhtp-rs,libhtp}","{a80f9f50f7e8e88fe24656387e9695d51e0a90e8,8c43ca10657cedc09b82f5b5e964e386e82b2a5f}",2023-04-12 06:16:06.393000,"{libhtp-rs,libhtp}","{e1650f702215aa39a2c7430df493c16022cc8bac,8c43ca10657cedc09b82f5b5e964e386e82b2a5f}",16498.0,47227.0,16465.0,47242.0,15.0,-0.0809449451984463
libhtp,2023-04-13 06:57:38.678000,"{libhtp-rs,libhtp}","{e1650f702215aa39a2c7430df493c16022cc8bac,8c43ca10657cedc09b82f5b5e964e386e82b2a5f}",2023-04-14 06:08:55.552000,"{libhtp-rs,libhtp}","{e1650f702215aa39a2c7430df493c16022cc8bac,be0063a6138f795fc1af76cc5340bcb11d3b0b87}",16466.0,47242.0,16466.0,47242.0,0.0,0.0
libhtp,2023-05-11 06:44:31.965000,"{libhtp-rs,libhtp}","{e1650f702215aa39a2c7430df493c16022cc8bac,be0063a6138f795fc1af76cc5340bcb11d3b0b87}",2023-05-12 07:06:05.655000,"{libhtp-rs,libhtp}","{89fdab79d42ed24b05f0c0d1fa8e6f023a8abeaf,be0063a6138f795fc1af76cc5340bcb11d3b0b87}",16493.0,47658.0,15590.0,39140.0,-8518.0,5.224383071918503
libhtp,2023-05-19 06:13:00.020000,"{libhtp-rs,libhtp}","{89fdab79d42ed24b05f0c0d1fa8e6f023a8abeaf,be0063a6138f795fc1af76cc5340bcb11d3b0b87}",2023-05-20 06:13:35.214000,"{libhtp-rs,libhtp}","{95204be9ea2a4aa2ed5b916108429b180044583c,be0063a6138f795fc1af76cc5340bcb11d3b0b87}",15587.0,39140.0,15588.0,39140.0,0.0,0.0025549310168671013
libhtp,2023-06-01 06:39:40.248000,"{libhtp-rs,libhtp}","{95204be9ea2a4aa2ed5b916108429b180044583c,be0063a6138f795fc1af76cc5340bcb11d3b0b87}",2023-06-02 06:21:11.418000,"{libhtp-rs,libhtp}","{b2a323c84df27433178a6fafa0f63fc96cde0eec,be0063a6138f795fc1af76cc5340bcb11d3b0b87}",15598.0,39970.0,15047.0,39127.0,-843.0,-0.5674481024977567
libhtp,2023-06-08 09:05:28.670000,"{libhtp-rs,libhtp}","{b2a323c84df27433178a6fafa0f63fc96cde0eec,be0063a6138f795fc1af76cc5340bcb11d3b0b87}",2023-06-09 06:33:03.268000,"{libhtp-rs,libhtp}","{dbf7afe11323048e197c0b423ade9e61ca7ad51d,be0063a6138f795fc1af76cc5340bcb11d3b0b87}",15541.0,39127.0,15542.0,39128.0,1.0,0.0015406007113227815
libhtp,2023-06-10 06:29:20.347000,"{libhtp-rs,libhtp}","{dbf7afe11323048e197c0b423ade9e61ca7ad51d,be0063a6138f795fc1af76cc5340bcb11d3b0b87}",2023-06-11 06:21:02.714000,"{libhtp-rs,libhtp}","{dbf7afe11323048e197c0b423ade9e61ca7ad51d,3024aaf4ac0c0f70138c0e4952f7b764df6e01f6}",15514.0,39128.0,15550.0,39151.0,23.0,0.06865890559428323
libhtp,2023-06-13 08:26:38.472000,"{libhtp-rs,libhtp}","{dbf7afe11323048e197c0b423ade9e61ca7ad51d,3024aaf4ac0c0f70138c0e4952f7b764df6e01f6}",2023-06-14 06:45:31.392000,"{libhtp-rs,libhtp}","{dbf7afe11323048e197c0b423ade9e61ca7ad51d,00196c2e7b00cf254578b5eb7a18b136b99c5ec9}",15564.0,39151.0,15571.0,39151.0,0.0,0.017879492222419913
libhtp,2023-06-15 06:59:47.778000,"{libhtp-rs,libhtp}","{dbf7afe11323048e197c0b423ade9e61ca7ad51d,00196c2e7b00cf254578b5eb7a18b136b99c5ec9}",2023-06-16 06:37:10.614000,"{libhtp-rs,libhtp}","{4bd90de12a70674b0bc6da58120b898e866d43c8,00196c2e7b00cf254578b5eb7a18b136b99c5ec9}",15477.0,39510.0,15529.0,39517.0,7.0,0.1246499853229679
libhtp,2023-06-16 06:37:10.614000,"{libhtp-rs,libhtp}","{4bd90de12a70674b0bc6da58120b898e866d43c8,00196c2e7b00cf254578b5eb7a18b136b99c5ec9}",2023-06-17 06:35:44.794000,"{libhtp-rs,libhtp}","{0bffb4aa1104535544e67980d2b1de491113fe38,00196c2e7b00cf254578b5eb7a18b136b99c5ec9}",15529.0,39517.0,15528.0,39517.0,0.0,-0.0025305564693738347
libhtp,2023-06-19 06:09:20.828000,"{libhtp-rs,libhtp}","{0bffb4aa1104535544e67980d2b1de491113fe38,00196c2e7b00cf254578b5eb7a18b136b99c5ec9}",2023-06-20 06:28:52.552000,"{libhtp-rs,libhtp}","{c89c7a5cc3cbde6ac43f0da14bbed96dab9007a1,00196c2e7b00cf254578b5eb7a18b136b99c5ec9}",15455.0,39676.0,15455.0,39676.0,0.0,0.0
libhtp,2023-06-26 06:25:07.428000,"{libhtp-rs,libhtp}","{c89c7a5cc3cbde6ac43f0da14bbed96dab9007a1,00196c2e7b00cf254578b5eb7a18b136b99c5ec9}",2023-06-27 07:47:17.427000,"{libhtp-rs,libhtp}","{04b2de8fbb8d1bd258a1711eec6ac3e7cd6c27d8,00196c2e7b00cf254578b5eb7a18b136b99c5ec9}",15576.0,39517.0,15468.0,39517.0,0.0,-0.27330009869169913
libhtp,2023-07-06 07:02:21.601000,"{libhtp-rs,libhtp}","{04b2de8fbb8d1bd258a1711eec6ac3e7cd6c27d8,00196c2e7b00cf254578b5eb7a18b136b99c5ec9}",2023-07-07 06:10:17.898000,"{libhtp-rs,libhtp}","{04b2de8fbb8d1bd258a1711eec6ac3e7cd6c27d8,d69ffdf0d1df176397ade655aacd5817584a67ff}",15561.0,39676.0,15478.0,39532.0,-144.0,-0.06709231958873119
libhtp,2023-07-11 06:21:45.144000,"{libhtp-rs,libhtp}","{04b2de8fbb8d1bd258a1711eec6ac3e7cd6c27d8,d69ffdf0d1df176397ade655aacd5817584a67ff}",2023-07-12 06:10:29.391000,"{libhtp-rs,libhtp}","{04b2de8fbb8d1bd258a1711eec6ac3e7cd6c27d8,8bdfe7b9d04e5e948c8fbaa7472e14d884cc00af}",15464.0,39532.0,15447.0,39532.0,0.0,-0.04300313669938305
libhtp,2023-10-17 06:28:55.842000,"{libhtp-rs,libhtp}","{04b2de8fbb8d1bd258a1711eec6ac3e7cd6c27d8,8bdfe7b9d04e5e948c8fbaa7472e14d884cc00af}",2023-10-18 06:22:32.939000,"{libhtp-rs,libhtp}","{44882e57f2c7a2dd16ba1c7ea976e4e9364dbcf8,8bdfe7b9d04e5e948c8fbaa7472e14d884cc00af}",15509.0,40375.0,15537.0,40429.0,54.0,0.01795075983451966
libhtp,2023-11-02 06:20:29.561000,"{libhtp-rs,libhtp}","{44882e57f2c7a2dd16ba1c7ea976e4e9364dbcf8,8bdfe7b9d04e5e948c8fbaa7472e14d884cc00af}",2023-11-03 07:24:29.769000,"{libhtp-rs,libhtp}","{afec0a82e06015a993ba7789745f8ca645a19dee,8bdfe7b9d04e5e948c8fbaa7472e14d884cc00af}",15647.0,40619.0,13659.0,40607.0,-12.0,-4.884323969280331
libhtp,2023-11-07 06:39:22.428000,"{libhtp-rs,libhtp}","{afec0a82e06015a993ba7789745f8ca645a19dee,8bdfe7b9d04e5e948c8fbaa7472e14d884cc00af}",2023-11-08 06:28:20.913000,"{libhtp-rs,libhtp}","{0a949a10f51d8fa57f27d083f7facfc3e4b33b6b,8bdfe7b9d04e5e948c8fbaa7472e14d884cc00af}",15666.0,40619.0,15659.0,40821.0,202.0,-0.2079999967481001
libhtp,2023-11-08 06:28:20.913000,"{libhtp-rs,libhtp}","{0a949a10f51d8fa57f27d083f7facfc3e4b33b6b,8bdfe7b9d04e5e948c8fbaa7472e14d884cc00af}",2023-11-09 06:27:56.188000,"{libhtp-rs,libhtp}","{c6b861a78cf233a678e0edaf81e7209b1bcbf759,8bdfe7b9d04e5e948c8fbaa7472e14d884cc00af}",15659.0,40821.0,15676.0,40821.0,0.0,0.04164523162098277
libhtp,2023-11-25 06:15:48.987000,"{libhtp-rs,libhtp}","{c6b861a78cf233a678e0edaf81e7209b1bcbf759,8bdfe7b9d04e5e948c8fbaa7472e14d884cc00af}",2023-11-26 06:35:48.988000,"{libhtp-rs,libhtp}","{c6b861a78cf233a678e0edaf81e7209b1bcbf759,f828d5076023f5be9a9e76497044716c7db7f3f4}",15685.0,40821.0,15690.0,40827.0,6.0,0.0065999680893824575
libhtp,2024-01-23 07:59:34.171000,"{libhtp-rs,libhtp}","{c6b861a78cf233a678e0edaf81e7209b1bcbf759,f828d5076023f5be9a9e76497044716c7db7f3f4}",2024-01-24 06:37:50.642000,"{libhtp-rs,libhtp}","{c6b861a78cf233a678e0edaf81e7209b1bcbf759,c990dc3fcc1f71a9981d26224907c400bfa87f38}",15545.0,40873.0,15748.0,40904.0,31.0,0.46746025570641336
libhtp,2024-02-08 06:31:53.914000,"{libhtp-rs,libhtp}","{c6b861a78cf233a678e0edaf81e7209b1bcbf759,c990dc3fcc1f71a9981d26224907c400bfa87f38}",2024-02-09 06:38:18.094000,"{libhtp-rs,libhtp}","{c6b861a78cf233a678e0edaf81e7209b1bcbf759,3b9ed734874e8bf64f1239abac42f77e99cfd906}",15752.0,40405.0,15767.0,40600.0,195.0,-0.15029873028200313
libhtp,2024-03-19 06:24:47.606000,"{libhtp-rs,libhtp}","{c6b861a78cf233a678e0edaf81e7209b1bcbf759,3b9ed734874e8bf64f1239abac42f77e99cfd906}",2024-03-20 06:21:40.214000,"{libhtp-rs,libhtp}","{c6b861a78cf233a678e0edaf81e7209b1bcbf759,91b0117b414160ae0e20da598faf8d304cc86f0a}",15788.0,41098.0,15793.0,41105.0,7.0,0.005621981201826998
libhtp,2024-04-18 06:46:02.957000,"{libhtp-rs,libhtp}","{c6b861a78cf233a678e0edaf81e7209b1bcbf759,91b0117b414160ae0e20da598faf8d304cc86f0a}",2024-04-19 06:34:27.012000,"{libhtp-rs,libhtp}","{c6b861a78cf233a678e0edaf81e7209b1bcbf759,f8f41646099b92e9252776fdb28f180f0d30d6f9}",15772.0,41101.0,15778.0,41101.0,0.0,0.014598184959005778
libhtp,2024-04-21 06:30:02.286000,"{libhtp-rs,libhtp}","{c6b861a78cf233a678e0edaf81e7209b1bcbf759,f8f41646099b92e9252776fdb28f180f0d30d6f9}",2024-04-22 06:24:04.386000,"{libhtp-rs,libhtp}","{6a82e8dc452d3ebac24ca861b4b694dc27452452,f8f41646099b92e9252776fdb28f180f0d30d6f9}",15777.0,41101.0,13152.0,41752.0,651.0,-6.8856399383180324
libhtp,2024-04-22 06:24:04.386000,"{libhtp-rs,libhtp}","{6a82e8dc452d3ebac24ca861b4b694dc27452452,f8f41646099b92e9252776fdb28f180f0d30d6f9}",2024-04-23 06:36:03.913000,"{libhtp-rs,libhtp}","{6a82e8dc452d3ebac24ca861b4b694dc27452452,6a7378c7942592bfc662e0fcf34b560abd3f3704}",13152.0,41752.0,15937.0,41752.0,0.0,6.670339145430159
libhtp,2024-05-05 06:59:23.714000,"{libhtp-rs,libhtp}","{6a82e8dc452d3ebac24ca861b4b694dc27452452,6a7378c7942592bfc662e0fcf34b560abd3f3704}",2024-05-06 06:50:00.230000,"{libhtp-rs,libhtp}","{6a82e8dc452d3ebac24ca861b4b694dc27452452,202be0f21622352fc3955efaa4112b2fec304dc7}",15726.0,41593.0,15946.0,41604.0,11.0,0.518798632000987
libhtp,2024-05-06 06:50:00.230000,"{libhtp-rs,libhtp}","{6a82e8dc452d3ebac24ca861b4b694dc27452452,202be0f21622352fc3955efaa4112b2fec304dc7}",2024-05-07 06:43:00.394000,"{libhtp-rs,libhtp}","{724e1cd9b077e958047a988e0394caa24192f1ec,202be0f21622352fc3955efaa4112b2fec304dc7}",15946.0,41604.0,15954.0,41611.0,7.0,0.012777959730321697
libhtp,2024-06-19 06:52:15.130000,"{libhtp-rs,libhtp}","{724e1cd9b077e958047a988e0394caa24192f1ec,202be0f21622352fc3955efaa4112b2fec304dc7}",2024-06-20 06:24:57.700000,"{libhtp-rs,libhtp}","{724e1cd9b077e958047a988e0394caa24192f1ec,af7213f60f79d7798b4420053e53dc315c85b51a}",15914.0,41786.0,15923.0,41787.0,1.0,0.020626402328048243
libhtp,2024-07-06 06:21:06.433000,"{libhtp-rs,libhtp}","{724e1cd9b077e958047a988e0394caa24192f1ec,af7213f60f79d7798b4420053e53dc315c85b51a}",2024-10-02 06:30:07.715000,"{libhtp-rs,libhtp}","{41fb643b0c3cb717dbc9d07d51279fc618e496fd,b28eadc5fa6c51fec6079b106824a11b461fc4ee}",15903.0,41125.0,15722.0,40968.0,-157.0,-0.29361512195151107
libhtp,2024-10-05 06:40:25.980000,"{libhtp-rs,libhtp}","{41fb643b0c3cb717dbc9d07d51279fc618e496fd,b28eadc5fa6c51fec6079b106824a11b461fc4ee}",2024-10-08 02:05:58.876000,"{libhtp-rs,libhtp}","{32e620bd5d027a428f831795b0f363d9ed2d6ac0,b28eadc5fa6c51fec6079b106824a11b461fc4ee}",15671.0,40537.0,nan,nan,nan,nan
libhtp,2024-10-28 06:09:38.419000,"{libhtp-rs,libhtp}","{32e620bd5d027a428f831795b0f363d9ed2d6ac0,b28eadc5fa6c51fec6079b106824a11b461fc4ee}",2024-10-29 06:11:20.302000,"{libhtp-rs,libhtp}","{ff8409ac55b6ed33913cf037f246221bb7e82bb7,b28eadc5fa6c51fec6079b106824a11b461fc4ee}",15797.0,41342.0,15800.0,41345.0,3.0,0.004483453634030354
