Iteration,G1_Total_Projects,G1_Detected_Count,G1_Detection_Rate_pct,G2_Total_Projects,G2_Detected_Count,G2_Detection_Rate_pct
1,633,211,33.33333333333333,144,51,35.41666666666667
2,633,113,17.851500789889414,144,34,23.61111111111111
3,633,90,14.218009478672986,144,33,22.916666666666664
4,633,99,15.639810426540285,144,34,23.61111111111111
5,633,47,7.424960505529225,144,29,20.13888888888889
6,633,56,8.846761453396525,144,22,15.277777777777779
7,633,53,8.372827804107425,144,23,15.972222222222221
8,633,47,7.424960505529225,144,19,13.194444444444445
9,633,56,8.846761453396525,144,17,11.805555555555555
10,633,44,6.9510268562401265,144,17,11.805555555555555
11,633,41,6.477093206951026,144,13,9.027777777777777
12,633,38,6.003159557661927,144,18,12.5
13,633,26,4.107424960505529,144,19,13.194444444444445
14,633,37,5.845181674565561,144,12,8.333333333333332
15,633,25,3.949447077409163,144,15,10.416666666666668
16,633,30,4.739336492890995,144,16,11.11111111111111
17,633,35,5.529225908372828,144,18,12.5
18,633,23,3.6334913112164293,144,9,6.25
19,633,24,3.7914691943127963,144,11,7.638888888888889
20,633,21,3.3175355450236967,144,16,11.11111111111111
21,633,30,4.739336492890995,144,11,7.638888888888889
22,633,29,4.581358609794629,144,13,9.027777777777777
23,633,26,4.107424960505529,144,9,6.25
24,633,23,3.6334913112164293,144,14,9.722222222222223
25,633,23,3.6334913112164293,144,10,6.944444444444445
26,633,22,3.4755134281200633,144,10,6.944444444444445
27,633,22,3.4755134281200633,144,14,9.722222222222223
28,633,23,3.6334913112164293,144,13,9.027777777777777
29,633,18,2.843601895734597,144,11,7.638888888888889
30,633,19,3.0015797788309637,144,8,5.555555555555555
31,633,27,4.265402843601896,144,12,8.333333333333332
32,633,21,3.3175355450236967,144,8,5.555555555555555
33,633,19,3.0015797788309637,144,4,2.7777777777777777
34,633,18,2.843601895734597,144,12,8.333333333333332
35,633,24,3.7914691943127963,144,8,5.555555555555555
36,633,27,4.265402843601896,144,8,5.555555555555555
37,633,20,3.15955766192733,144,9,6.25
38,633,13,2.0537124802527646,144,14,9.722222222222223
39,633,20,3.15955766192733,144,8,5.555555555555555
40,633,14,2.211690363349131,144,12,8.333333333333332
41,633,20,3.15955766192733,144,11,7.638888888888889
42,633,25,3.949447077409163,144,9,6.25
43,633,13,2.0537124802527646,144,10,6.944444444444445
44,633,26,4.107424960505529,144,12,8.333333333333332
45,633,11,1.7377567140600316,144,9,6.25
46,633,17,2.6856240126382307,144,10,6.944444444444445
47,633,14,2.211690363349131,144,11,7.638888888888889
48,633,18,2.843601895734597,144,8,5.555555555555555
49,633,20,3.15955766192733,144,8,5.555555555555555
50,633,13,2.0537124802527646,144,5,3.4722222222222223
51,633,16,2.527646129541864,144,5,3.4722222222222223
52,633,24,3.7914691943127963,144,9,6.25
53,633,10,1.579778830963665,144,8,5.555555555555555
54,633,19,3.0015797788309637,144,9,6.25
55,633,15,2.3696682464454977,144,6,4.166666666666666
56,633,19,3.0015797788309637,144,9,6.25
57,633,12,1.8957345971563981,144,5,3.4722222222222223
58,633,11,1.7377567140600316,144,7,4.861111111111112
59,633,15,2.3696682464454977,144,4,2.7777777777777777
60,633,22,3.4755134281200633,144,6,4.166666666666666
61,633,15,2.3696682464454977,144,6,4.166666666666666
62,633,9,1.4218009478672986,144,4,2.7777777777777777
63,633,12,1.8957345971563981,144,8,5.555555555555555
64,633,12,1.8957345971563981,144,8,5.555555555555555
65,633,11,1.7377567140600316,144,9,6.25
66,633,25,3.949447077409163,144,10,6.944444444444445
67,633,13,2.0537124802527646,144,12,8.333333333333332
68,633,16,2.527646129541864,144,9,6.25
69,633,15,2.3696682464454977,144,9,6.25
70,633,16,2.527646129541864,144,10,6.944444444444445
71,633,21,3.3175355450236967,144,9,6.25
72,633,15,2.3696682464454977,144,9,6.25
73,633,17,2.6856240126382307,144,8,5.555555555555555
74,633,16,2.527646129541864,144,8,5.555555555555555
75,633,8,1.263823064770932,144,7,4.861111111111112
76,633,16,2.527646129541864,144,7,4.861111111111112
77,633,16,2.527646129541864,144,6,4.166666666666666
78,633,13,2.0537124802527646,144,8,5.555555555555555
79,633,20,3.15955766192733,144,4,2.7777777777777777
80,633,15,2.3696682464454977,144,5,3.4722222222222223
81,633,17,2.6856240126382307,144,8,5.555555555555555
82,633,11,1.7377567140600316,144,7,4.861111111111112
83,633,17,2.6856240126382307,144,4,2.7777777777777777
84,633,10,1.579778830963665,144,5,3.4722222222222223
85,633,16,2.527646129541864,144,6,4.166666666666666
86,633,23,3.6334913112164293,144,8,5.555555555555555
87,633,19,3.0015797788309637,144,5,3.4722222222222223
88,633,18,2.843601895734597,144,6,4.166666666666666
89,633,14,2.211690363349131,144,2,1.3888888888888888
90,633,14,2.211690363349131,144,8,5.555555555555555
91,633,19,3.0015797788309637,144,1,0.6944444444444444
92,633,17,2.6856240126382307,144,6,4.166666666666666
93,633,20,3.15955766192733,144,8,5.555555555555555
94,633,20,3.15955766192733,144,10,6.944444444444445
95,633,15,2.3696682464454977,144,9,6.25
96,633,12,1.8957345971563981,144,5,3.4722222222222223
97,633,8,1.263823064770932,144,4,2.7777777777777777
98,633,17,2.6856240126382307,144,4,2.7777777777777777
99,633,18,2.843601895734597,144,8,5.555555555555555
100,633,18,2.843601895734597,144,10,6.944444444444445
101,633,18,2.843601895734597,144,6,4.166666666666666
102,633,19,3.0015797788309637,144,13,9.027777777777777
103,633,21,3.3175355450236967,144,3,2.083333333333333
104,633,18,2.843601895734597,144,7,4.861111111111112
105,633,17,2.6856240126382307,144,6,4.166666666666666
106,633,11,1.7377567140600316,144,7,4.861111111111112
107,633,14,2.211690363349131,144,5,3.4722222222222223
108,633,17,2.6856240126382307,144,7,4.861111111111112
109,633,14,2.211690363349131,144,6,4.166666666666666
110,633,13,2.0537124802527646,144,11,7.638888888888889
111,633,16,2.527646129541864,144,6,4.166666666666666
112,633,9,1.4218009478672986,144,7,4.861111111111112
113,633,18,2.843601895734597,144,10,6.944444444444445
114,633,10,1.579778830963665,144,9,6.25
115,633,10,1.579778830963665,144,6,4.166666666666666
116,633,15,2.3696682464454977,144,6,4.166666666666666
117,633,15,2.3696682464454977,144,11,7.638888888888889
118,633,11,1.7377567140600316,144,9,6.25
119,633,7,1.1058451816745656,144,7,4.861111111111112
120,633,7,1.1058451816745656,144,7,4.861111111111112
121,633,11,1.7377567140600316,144,11,7.638888888888889
122,633,8,1.263823064770932,144,8,5.555555555555555
123,633,14,2.211690363349131,144,9,6.25
124,633,9,1.4218009478672986,144,10,6.944444444444445
125,633,15,2.3696682464454977,144,5,3.4722222222222223
126,633,5,0.7898894154818324,144,8,5.555555555555555
127,633,15,2.3696682464454977,144,10,6.944444444444445
128,633,16,2.527646129541864,144,6,4.166666666666666
129,633,22,3.4755134281200633,144,9,6.25
130,633,8,1.263823064770932,144,5,3.4722222222222223
131,633,11,1.7377567140600316,144,5,3.4722222222222223
132,633,19,3.0015797788309637,144,13,9.027777777777777
133,633,10,1.579778830963665,144,4,2.7777777777777777
134,633,12,1.8957345971563981,144,9,6.25
135,633,11,1.7377567140600316,144,8,5.555555555555555
136,633,14,2.211690363349131,144,10,6.944444444444445
137,633,13,2.0537124802527646,144,7,4.861111111111112
138,633,6,0.9478672985781991,144,10,6.944444444444445
139,633,17,2.6856240126382307,144,5,3.4722222222222223
140,633,21,3.3175355450236967,144,9,6.25
141,633,14,2.211690363349131,144,4,2.7777777777777777
142,633,13,2.0537124802527646,144,10,6.944444444444445
143,633,15,2.3696682464454977,144,8,5.555555555555555
144,633,12,1.8957345971563981,144,8,5.555555555555555
145,633,11,1.7377567140600316,144,4,2.7777777777777777
146,633,12,1.8957345971563981,144,6,4.166666666666666
147,633,14,2.211690363349131,144,5,3.4722222222222223
148,633,11,1.7377567140600316,144,3,2.083333333333333
149,633,13,2.0537124802527646,144,7,4.861111111111112
150,633,11,1.7377567140600316,144,5,3.4722222222222223
151,633,8,1.263823064770932,144,3,2.083333333333333
152,633,8,1.263823064770932,144,6,4.166666666666666
153,633,9,1.4218009478672986,144,3,2.083333333333333
154,633,13,2.0537124802527646,144,8,5.555555555555555
155,633,13,2.0537124802527646,144,4,2.7777777777777777
156,633,16,2.527646129541864,144,2,1.3888888888888888
157,633,14,2.211690363349131,144,6,4.166666666666666
158,633,12,1.8957345971563981,144,7,4.861111111111112
159,633,12,1.8957345971563981,144,8,5.555555555555555
160,633,12,1.8957345971563981,144,4,2.7777777777777777
161,633,12,1.8957345971563981,144,5,3.4722222222222223
162,633,9,1.4218009478672986,144,11,7.638888888888889
163,633,10,1.579778830963665,144,6,4.166666666666666
164,633,8,1.263823064770932,144,3,2.083333333333333
165,633,15,2.3696682464454977,144,5,3.4722222222222223
166,633,13,2.0537124802527646,144,8,5.555555555555555
167,633,11,1.7377567140600316,144,7,4.861111111111112
168,633,8,1.263823064770932,144,7,4.861111111111112
169,633,10,1.579778830963665,144,3,2.083333333333333
170,633,5,0.7898894154818324,144,3,2.083333333333333
171,633,14,2.211690363349131,144,8,5.555555555555555
172,633,5,0.7898894154818324,144,2,1.3888888888888888
173,633,10,1.579778830963665,144,2,1.3888888888888888
174,633,13,2.0537124802527646,144,6,4.166666666666666
175,633,15,2.3696682464454977,144,4,2.7777777777777777
176,633,11,1.7377567140600316,144,7,4.861111111111112
177,633,11,1.7377567140600316,144,5,3.4722222222222223
178,633,5,0.7898894154818324,144,5,3.4722222222222223
179,633,10,1.579778830963665,144,10,6.944444444444445
180,633,12,1.8957345971563981,144,4,2.7777777777777777
181,633,7,1.1058451816745656,144,7,4.861111111111112
182,633,9,1.4218009478672986,144,4,2.7777777777777777
183,633,9,1.4218009478672986,144,6,4.166666666666666
184,633,9,1.4218009478672986,144,9,6.25
185,633,12,1.8957345971563981,144,6,4.166666666666666
186,633,18,2.843601895734597,144,3,2.083333333333333
187,633,11,1.7377567140600316,144,4,2.7777777777777777
188,633,9,1.4218009478672986,144,7,4.861111111111112
189,633,8,1.263823064770932,144,7,4.861111111111112
190,633,14,2.211690363349131,144,6,4.166666666666666
191,633,16,2.527646129541864,144,7,4.861111111111112
192,633,11,1.7377567140600316,144,6,4.166666666666666
193,633,11,1.7377567140600316,144,10,6.944444444444445
194,633,8,1.263823064770932,144,7,4.861111111111112
195,633,9,1.4218009478672986,144,5,3.4722222222222223
196,633,14,2.211690363349131,144,6,4.166666666666666
197,633,12,1.8957345971563981,144,11,7.638888888888889
198,633,11,1.7377567140600316,144,6,4.166666666666666
199,633,11,1.7377567140600316,144,6,4.166666666666666
200,633,11,1.7377567140600316,144,10,6.944444444444445
201,633,15,2.3696682464454977,144,4,2.7777777777777777
202,633,5,0.7898894154818324,144,5,3.4722222222222223
203,633,16,2.527646129541864,144,6,4.166666666666666
204,633,12,1.8957345971563981,144,9,6.25
205,633,14,2.211690363349131,144,6,4.166666666666666
206,633,10,1.579778830963665,144,5,3.4722222222222223
207,633,15,2.3696682464454977,144,5,3.4722222222222223
208,633,13,2.0537124802527646,144,8,5.555555555555555
209,633,12,1.8957345971563981,144,10,6.944444444444445
210,633,10,1.579778830963665,144,5,3.4722222222222223
211,633,11,1.7377567140600316,144,8,5.555555555555555
212,633,13,2.0537124802527646,144,10,6.944444444444445
213,633,11,1.7377567140600316,144,7,4.861111111111112
214,633,12,1.8957345971563981,144,3,2.083333333333333
215,633,9,1.4218009478672986,144,4,2.7777777777777777
216,633,13,2.0537124802527646,144,8,5.555555555555555
217,633,11,1.7377567140600316,144,3,2.083333333333333
218,633,10,1.579778830963665,144,3,2.083333333333333
219,633,12,1.8957345971563981,144,4,2.7777777777777777
220,633,16,2.527646129541864,144,4,2.7777777777777777
221,633,11,1.7377567140600316,144,5,3.4722222222222223
222,633,9,1.4218009478672986,144,4,2.7777777777777777
223,633,16,2.527646129541864,144,7,4.861111111111112
224,633,15,2.3696682464454977,144,10,6.944444444444445
225,633,11,1.7377567140600316,144,6,4.166666666666666
226,633,9,1.4218009478672986,144,4,2.7777777777777777
227,633,15,2.3696682464454977,144,8,5.555555555555555
228,633,8,1.263823064770932,144,4,2.7777777777777777
229,633,15,2.3696682464454977,144,7,4.861111111111112
230,633,12,1.8957345971563981,144,5,3.4722222222222223
231,633,7,1.1058451816745656,144,8,5.555555555555555
232,633,9,1.4218009478672986,144,5,3.4722222222222223
233,633,16,2.527646129541864,144,6,4.166666666666666
234,633,5,0.7898894154818324,144,5,3.4722222222222223
235,633,11,1.7377567140600316,144,4,2.7777777777777777
236,633,14,2.211690363349131,144,7,4.861111111111112
237,633,8,1.263823064770932,144,8,5.555555555555555
238,633,10,1.579778830963665,144,7,4.861111111111112
239,633,8,1.263823064770932,144,10,6.944444444444445
240,633,13,2.0537124802527646,144,10,6.944444444444445
241,633,5,0.7898894154818324,144,7,4.861111111111112
242,633,7,1.1058451816745656,144,5,3.4722222222222223
243,633,16,2.527646129541864,144,5,3.4722222222222223
244,633,8,1.263823064770932,144,7,4.861111111111112
245,633,7,1.1058451816745656,144,11,7.638888888888889
246,633,19,3.0015797788309637,144,5,3.4722222222222223
247,633,7,1.1058451816745656,144,10,6.944444444444445
248,633,12,1.8957345971563981,144,4,2.7777777777777777
249,633,11,1.7377567140600316,144,9,6.25
250,633,10,1.579778830963665,144,4,2.7777777777777777
251,633,4,0.631911532385466,144,8,5.555555555555555
252,633,13,2.0537124802527646,144,4,2.7777777777777777
253,633,13,2.0537124802527646,144,6,4.166666666666666
254,633,10,1.579778830963665,144,3,2.083333333333333
255,633,15,2.3696682464454977,144,7,4.861111111111112
256,633,6,0.9478672985781991,144,7,4.861111111111112
257,633,11,1.7377567140600316,144,6,4.166666666666666
258,633,9,1.4218009478672986,144,6,4.166666666666666
259,633,13,2.0537124802527646,144,7,4.861111111111112
260,633,13,2.0537124802527646,144,5,3.4722222222222223
261,633,6,0.9478672985781991,144,4,2.7777777777777777
262,633,10,1.579778830963665,144,4,2.7777777777777777
263,633,9,1.4218009478672986,144,2,1.3888888888888888
264,633,11,1.7377567140600316,144,4,2.7777777777777777
265,633,6,0.9478672985781991,144,6,4.166666666666666
266,633,7,1.1058451816745656,144,4,2.7777777777777777
267,633,13,2.0537124802527646,144,5,3.4722222222222223
268,633,8,1.263823064770932,144,4,2.7777777777777777
269,633,16,2.527646129541864,144,4,2.7777777777777777
270,633,9,1.4218009478672986,144,9,6.25
271,633,11,1.7377567140600316,144,11,7.638888888888889
272,633,8,1.263823064770932,144,4,2.7777777777777777
273,633,12,1.8957345971563981,144,6,4.166666666666666
274,633,9,1.4218009478672986,144,7,4.861111111111112
275,633,9,1.4218009478672986,144,5,3.4722222222222223
276,633,8,1.263823064770932,144,3,2.083333333333333
277,633,7,1.1058451816745656,144,4,2.7777777777777777
278,633,11,1.7377567140600316,144,8,5.555555555555555
279,633,8,1.263823064770932,144,4,2.7777777777777777
280,633,8,1.263823064770932,144,5,3.4722222222222223
281,633,9,1.4218009478672986,144,7,4.861111111111112
282,633,11,1.7377567140600316,144,6,4.166666666666666
283,633,10,1.579778830963665,144,9,6.25
284,633,6,0.9478672985781991,144,10,6.944444444444445
285,633,6,0.9478672985781991,144,3,2.083333333333333
286,633,10,1.579778830963665,144,4,2.7777777777777777
287,633,10,1.579778830963665,144,8,5.555555555555555
288,633,9,1.4218009478672986,144,8,5.555555555555555
289,633,10,1.579778830963665,144,5,3.4722222222222223
290,633,7,1.1058451816745656,144,4,2.7777777777777777
291,633,8,1.263823064770932,144,6,4.166666666666666
292,633,7,1.1058451816745656,144,8,5.555555555555555
293,633,11,1.7377567140600316,144,4,2.7777777777777777
294,633,7,1.1058451816745656,144,8,5.555555555555555
295,633,4,0.631911532385466,144,4,2.7777777777777777
296,633,7,1.1058451816745656,144,5,3.4722222222222223
297,633,10,1.579778830963665,144,4,2.7777777777777777
298,633,5,0.7898894154818324,144,6,4.166666666666666
299,633,5,0.7898894154818324,144,5,3.4722222222222223
300,633,9,1.4218009478672986,144,4,2.7777777777777777
301,633,10,1.579778830963665,144,6,4.166666666666666
302,633,7,1.1058451816745656,144,5,3.4722222222222223
303,633,9,1.4218009478672986,144,5,3.4722222222222223
304,633,12,1.8957345971563981,144,5,3.4722222222222223
305,633,11,1.7377567140600316,144,6,4.166666666666666
306,633,8,1.263823064770932,144,4,2.7777777777777777
307,633,9,1.4218009478672986,144,10,6.944444444444445
308,633,8,1.263823064770932,144,7,4.861111111111112
309,633,8,1.263823064770932,144,7,4.861111111111112
310,633,5,0.7898894154818324,144,8,5.555555555555555
311,633,11,1.7377567140600316,144,6,4.166666666666666
312,633,6,0.9478672985781991,144,6,4.166666666666666
313,633,10,1.579778830963665,144,5,3.4722222222222223
314,633,6,0.9478672985781991,144,4,2.7777777777777777
315,633,15,2.3696682464454977,144,5,3.4722222222222223
316,633,7,1.1058451816745656,144,2,1.3888888888888888
317,633,5,0.7898894154818324,144,4,2.7777777777777777
318,633,13,2.0537124802527646,144,9,6.25
319,633,9,1.4218009478672986,144,8,5.555555555555555
320,633,4,0.631911532385466,144,9,6.25
321,633,8,1.263823064770932,144,3,2.083333333333333
322,633,12,1.8957345971563981,144,4,2.7777777777777777
323,633,11,1.7377567140600316,144,2,1.3888888888888888
324,633,12,1.8957345971563981,144,4,2.7777777777777777
325,633,12,1.8957345971563981,144,1,0.6944444444444444
326,633,8,1.263823064770932,144,0,0.0
327,633,5,0.7898894154818324,144,3,2.083333333333333
328,633,8,1.263823064770932,144,7,4.861111111111112
329,633,5,0.7898894154818324,144,5,3.4722222222222223
330,633,8,1.263823064770932,144,5,3.4722222222222223
331,633,9,1.4218009478672986,144,8,5.555555555555555
332,633,9,1.4218009478672986,144,2,1.3888888888888888
333,633,10,1.579778830963665,144,4,2.7777777777777777
334,633,6,0.9478672985781991,144,6,4.166666666666666
335,633,12,1.8957345971563981,144,6,4.166666666666666
336,633,8,1.263823064770932,144,6,4.166666666666666
337,633,13,2.0537124802527646,144,5,3.4722222222222223
338,633,8,1.263823064770932,144,6,4.166666666666666
339,633,12,1.8957345971563981,144,5,3.4722222222222223
340,633,6,0.9478672985781991,144,4,2.7777777777777777
341,633,11,1.7377567140600316,144,7,4.861111111111112
342,633,14,2.211690363349131,144,3,2.083333333333333
343,633,6,0.9478672985781991,144,3,2.083333333333333
344,633,14,2.211690363349131,144,4,2.7777777777777777
345,633,8,1.263823064770932,144,0,0.0
346,633,12,1.8957345971563981,144,1,0.6944444444444444
347,633,9,1.4218009478672986,144,1,0.6944444444444444
348,633,11,1.7377567140600316,144,2,1.3888888888888888
349,633,11,1.7377567140600316,144,5,3.4722222222222223
350,633,9,1.4218009478672986,144,4,2.7777777777777777
351,633,9,1.4218009478672986,144,11,7.638888888888889
352,633,9,1.4218009478672986,144,3,2.083333333333333
353,633,8,1.263823064770932,144,4,2.7777777777777777
354,633,6,0.9478672985781991,144,0,0.0
355,633,10,1.579778830963665,144,5,3.4722222222222223
356,633,8,1.263823064770932,144,2,1.3888888888888888
357,633,8,1.263823064770932,144,3,2.083333333333333
358,633,9,1.4218009478672986,144,2,1.3888888888888888
359,633,7,1.1058451816745656,144,4,2.7777777777777777
360,633,10,1.579778830963665,144,2,1.3888888888888888
361,633,7,1.1058451816745656,144,4,2.7777777777777777
362,633,10,1.579778830963665,144,5,3.4722222222222223
363,633,13,2.0537124802527646,144,4,2.7777777777777777
364,633,9,1.4218009478672986,144,6,4.166666666666666
365,633,10,1.579778830963665,144,9,6.25
366,633,10,1.579778830963665,144,5,3.4722222222222223
367,632,7,1.1075949367088607,144,3,2.083333333333333
368,632,7,1.1075949367088607,144,7,4.861111111111112
369,632,5,0.7911392405063291,144,1,0.6944444444444444
370,632,6,0.949367088607595,144,3,2.083333333333333
371,632,8,1.2658227848101267,144,5,3.4722222222222223
372,631,14,2.218700475435816,144,4,2.7777777777777777
373,631,8,1.2678288431061806,144,6,4.166666666666666
374,631,3,0.4754358161648178,144,4,2.7777777777777777
375,631,8,1.2678288431061806,144,6,4.166666666666666
376,631,9,1.4263074484944533,144,4,2.7777777777777777
377,631,5,0.7923930269413629,144,2,1.3888888888888888
378,631,6,0.9508716323296356,144,5,3.4722222222222223
379,631,10,1.5847860538827259,144,4,2.7777777777777777
380,631,8,1.2678288431061806,144,2,1.3888888888888888
381,631,9,1.4263074484944533,144,5,3.4722222222222223
382,631,7,1.109350237717908,144,6,4.166666666666666
383,630,11,1.746031746031746,144,8,5.555555555555555
384,630,11,1.746031746031746,144,3,2.083333333333333
385,630,4,0.6349206349206349,144,5,3.4722222222222223
386,630,6,0.9523809523809524,144,5,3.4722222222222223
387,630,9,1.4285714285714286,144,2,1.3888888888888888
388,630,4,0.6349206349206349,144,3,2.083333333333333
389,630,7,1.1111111111111112,144,4,2.7777777777777777
390,630,13,2.0634920634920633,144,4,2.7777777777777777
391,630,8,1.2698412698412698,144,4,2.7777777777777777
392,630,8,1.2698412698412698,144,2,1.3888888888888888
393,629,15,2.384737678855326,144,6,4.166666666666666
394,629,10,1.5898251192368837,144,6,4.166666666666666
395,629,4,0.6359300476947536,144,7,4.861111111111112
396,629,6,0.9538950715421303,144,5,3.4722222222222223
397,629,7,1.1128775834658187,144,7,4.861111111111112
398,629,11,1.7488076311605723,144,2,1.3888888888888888
399,628,10,1.5923566878980893,144,3,2.083333333333333
400,628,12,1.910828025477707,144,3,2.083333333333333
401,628,3,0.47770700636942676,144,8,5.555555555555555
402,628,5,0.7961783439490446,144,6,4.166666666666666
403,628,7,1.1146496815286624,144,4,2.7777777777777777
404,628,9,1.4331210191082804,144,6,4.166666666666666
405,628,5,0.7961783439490446,144,7,4.861111111111112
406,628,4,0.6369426751592357,144,5,3.4722222222222223
407,628,11,1.7515923566878981,144,6,4.166666666666666
408,628,5,0.7961783439490446,144,4,2.7777777777777777
409,628,8,1.2738853503184715,144,5,3.4722222222222223
410,628,10,1.5923566878980893,144,4,2.7777777777777777
411,628,9,1.4331210191082804,144,2,1.3888888888888888
412,628,11,1.7515923566878981,144,5,3.4722222222222223
413,628,10,1.5923566878980893,144,4,2.7777777777777777
414,628,10,1.5923566878980893,144,5,3.4722222222222223
415,628,6,0.9554140127388535,144,6,4.166666666666666
416,628,6,0.9554140127388535,144,8,5.555555555555555
417,628,7,1.1146496815286624,144,6,4.166666666666666
418,628,5,0.7961783439490446,144,3,2.083333333333333
419,627,8,1.2759170653907497,144,9,6.25
420,627,4,0.6379585326953748,144,1,0.6944444444444444
421,627,4,0.6379585326953748,144,6,4.166666666666666
422,625,7,1.1199999999999999,144,4,2.7777777777777777
423,625,6,0.96,144,2,1.3888888888888888
424,625,8,1.28,144,4,2.7777777777777777
425,625,10,1.6,144,3,2.083333333333333
426,624,9,1.4423076923076923,144,11,7.638888888888889
427,623,7,1.1235955056179776,144,4,2.7777777777777777
428,622,7,1.1254019292604502,144,7,4.861111111111112
429,618,12,1.9417475728155338,144,6,4.166666666666666
430,618,7,1.132686084142395,144,5,3.4722222222222223
431,617,7,1.1345218800648298,144,2,1.3888888888888888
432,617,7,1.1345218800648298,144,9,6.25
433,616,3,0.487012987012987,144,2,1.3888888888888888
434,615,4,0.6504065040650406,144,5,3.4722222222222223
435,615,6,0.975609756097561,144,5,3.4722222222222223
436,615,6,0.975609756097561,144,3,2.083333333333333
437,615,8,1.3008130081300813,144,7,4.861111111111112
438,615,4,0.6504065040650406,144,3,2.083333333333333
439,614,5,0.8143322475570033,144,5,3.4722222222222223
440,614,9,1.4657980456026058,144,3,2.083333333333333
441,614,6,0.9771986970684038,144,2,1.3888888888888888
442,613,7,1.1419249592169658,144,5,3.4722222222222223
443,613,10,1.631321370309951,144,4,2.7777777777777777
444,613,7,1.1419249592169658,144,4,2.7777777777777777
445,613,5,0.8156606851549755,144,5,3.4722222222222223
446,613,8,1.3050570962479608,144,5,3.4722222222222223
447,612,8,1.3071895424836601,144,4,2.7777777777777777
448,612,6,0.9803921568627451,144,7,4.861111111111112
449,612,11,1.7973856209150325,144,5,3.4722222222222223
450,612,10,1.6339869281045754,144,3,2.083333333333333
451,612,7,1.1437908496732025,144,5,3.4722222222222223
452,612,10,1.6339869281045754,144,4,2.7777777777777777
453,612,9,1.4705882352941175,144,9,6.25
454,612,6,0.9803921568627451,144,2,1.3888888888888888
455,612,9,1.4705882352941175,144,7,4.861111111111112
456,612,9,1.4705882352941175,144,4,2.7777777777777777
457,612,7,1.1437908496732025,144,5,3.4722222222222223
458,612,9,1.4705882352941175,144,4,2.7777777777777777
459,612,12,1.9607843137254901,144,4,2.7777777777777777
460,612,6,0.9803921568627451,143,1,0.6993006993006993
461,612,4,0.6535947712418301,143,4,2.797202797202797
462,611,3,0.4909983633387889,143,6,4.195804195804196
463,611,5,0.8183306055646482,143,1,0.6993006993006993
464,611,10,1.6366612111292964,143,4,2.797202797202797
465,611,4,0.6546644844517185,143,4,2.797202797202797
466,611,7,1.1456628477905073,143,4,2.797202797202797
467,610,9,1.4754098360655739,143,3,2.097902097902098
468,610,6,0.9836065573770493,143,5,3.4965034965034967
469,610,11,1.8032786885245904,143,2,1.3986013986013985
470,610,4,0.6557377049180327,143,3,2.097902097902098
471,609,6,0.9852216748768473,143,3,2.097902097902098
472,609,5,0.8210180623973727,143,5,3.4965034965034967
473,609,10,1.6420361247947455,142,2,1.4084507042253522
474,609,10,1.6420361247947455,142,2,1.4084507042253522
475,609,4,0.6568144499178982,142,4,2.8169014084507045
476,608,13,2.138157894736842,142,2,1.4084507042253522
477,608,6,0.9868421052631579,142,4,2.8169014084507045
478,608,5,0.8223684210526315,142,6,4.225352112676056
479,608,4,0.6578947368421052,142,2,1.4084507042253522
480,608,3,0.4934210526315789,142,4,2.8169014084507045
481,608,6,0.9868421052631579,142,7,4.929577464788732
482,607,7,1.1532125205930808,142,5,3.5211267605633805
483,606,5,0.825082508250825,142,2,1.4084507042253522
484,605,5,0.8264462809917356,142,6,4.225352112676056
485,605,6,0.9917355371900827,142,4,2.8169014084507045
486,605,8,1.322314049586777,142,4,2.8169014084507045
487,605,6,0.9917355371900827,142,2,1.4084507042253522
488,605,4,0.6611570247933884,142,6,4.225352112676056
489,605,7,1.1570247933884297,142,5,3.5211267605633805
490,605,5,0.8264462809917356,142,2,1.4084507042253522
491,605,5,0.8264462809917356,142,2,1.4084507042253522
492,604,3,0.49668874172185434,142,2,1.4084507042253522
493,604,5,0.8278145695364238,142,4,2.8169014084507045
494,604,5,0.8278145695364238,141,2,1.4184397163120568
495,603,8,1.3266998341625207,141,5,3.546099290780142
496,601,8,1.3311148086522462,141,2,1.4184397163120568
497,600,10,1.6666666666666667,141,4,2.8368794326241136
498,598,5,0.8361204013377926,141,7,4.964539007092199
499,597,8,1.340033500837521,141,4,2.8368794326241136
500,597,6,1.0050251256281406,141,4,2.8368794326241136
501,597,4,0.6700167504187605,141,3,2.127659574468085
502,596,4,0.6711409395973155,141,6,4.25531914893617
503,595,7,1.1764705882352942,141,8,5.673758865248227
504,594,6,1.0101010101010102,141,3,2.127659574468085
505,594,9,1.5151515151515151,141,4,2.8368794326241136
506,593,5,0.8431703204047217,141,6,4.25531914893617
507,591,8,1.353637901861252,141,6,4.25531914893617
508,591,13,2.199661590524535,141,6,4.25531914893617
509,591,8,1.353637901861252,141,3,2.127659574468085
510,591,13,2.199661590524535,141,4,2.8368794326241136
511,589,6,1.0186757215619695,141,5,3.546099290780142
512,589,8,1.3582342954159592,141,5,3.546099290780142
513,589,8,1.3582342954159592,139,2,1.4388489208633095
514,589,11,1.8675721561969438,139,5,3.597122302158273
515,589,8,1.3582342954159592,139,7,5.0359712230215825
516,589,7,1.1884550084889642,139,4,2.877697841726619
517,589,13,2.2071307300509337,139,3,2.158273381294964
518,589,9,1.5280135823429541,139,5,3.597122302158273
519,589,10,1.697792869269949,139,6,4.316546762589928
520,589,10,1.697792869269949,139,4,2.877697841726619
521,589,5,0.8488964346349746,139,3,2.158273381294964
522,588,9,1.530612244897959,139,6,4.316546762589928
523,588,7,1.1904761904761905,139,6,4.316546762589928
524,588,8,1.3605442176870748,139,4,2.877697841726619
525,587,6,1.0221465076660987,139,5,3.597122302158273
526,587,9,1.5332197614991483,139,10,7.194244604316546
527,587,8,1.362862010221465,139,5,3.597122302158273
528,587,6,1.0221465076660987,139,5,3.597122302158273
529,587,7,1.192504258943782,139,2,1.4388489208633095
530,587,2,0.34071550255536626,139,7,5.0359712230215825
531,587,4,0.6814310051107325,139,2,1.4388489208633095
532,587,6,1.0221465076660987,139,8,5.755395683453238
533,587,6,1.0221465076660987,139,6,4.316546762589928
534,587,7,1.192504258943782,139,6,4.316546762589928
535,587,8,1.362862010221465,139,7,5.0359712230215825
536,587,9,1.5332197614991483,139,6,4.316546762589928
537,587,8,1.362862010221465,139,6,4.316546762589928
538,587,6,1.0221465076660987,139,8,5.755395683453238
539,587,6,1.0221465076660987,139,8,5.755395683453238
540,587,12,2.0442930153321974,139,11,7.913669064748201
541,587,8,1.362862010221465,139,3,2.158273381294964
542,587,9,1.5332197614991483,139,9,6.474820143884892
543,587,7,1.192504258943782,139,7,5.0359712230215825
544,587,3,0.5110732538330494,139,4,2.877697841726619
545,587,8,1.362862010221465,139,6,4.316546762589928
546,587,3,0.5110732538330494,139,5,3.597122302158273
547,587,6,1.0221465076660987,139,10,7.194244604316546
548,586,7,1.1945392491467577,139,7,5.0359712230215825
549,586,9,1.5358361774744027,139,4,2.877697841726619
550,586,9,1.5358361774744027,139,6,4.316546762589928
551,586,6,1.023890784982935,139,2,1.4388489208633095
552,586,9,1.5358361774744027,139,4,2.877697841726619
553,585,9,1.5384615384615385,139,7,5.0359712230215825
554,585,9,1.5384615384615385,139,6,4.316546762589928
555,585,9,1.5384615384615385,139,5,3.597122302158273
556,585,8,1.3675213675213675,139,4,2.877697841726619
557,585,3,0.5128205128205128,139,4,2.877697841726619
558,585,3,0.5128205128205128,139,4,2.877697841726619
559,585,7,1.1965811965811968,139,3,2.158273381294964
560,585,5,0.8547008547008548,139,5,3.597122302158273
561,585,5,0.8547008547008548,139,3,2.158273381294964
562,585,5,0.8547008547008548,139,3,2.158273381294964
563,584,6,1.0273972602739725,138,7,5.072463768115942
564,584,3,0.5136986301369862,138,6,4.3478260869565215
565,584,6,1.0273972602739725,138,10,7.246376811594203
566,584,3,0.5136986301369862,138,1,0.7246376811594203
567,584,4,0.684931506849315,138,4,2.898550724637681
568,584,2,0.3424657534246575,138,4,2.898550724637681
569,584,9,1.5410958904109588,138,6,4.3478260869565215
570,584,4,0.684931506849315,138,2,1.4492753623188406
571,583,9,1.5437392795883362,138,2,1.4492753623188406
572,583,3,0.5145797598627788,138,6,4.3478260869565215
573,583,7,1.2006861063464835,137,6,4.37956204379562
574,582,3,0.5154639175257731,137,4,2.9197080291970803
575,581,3,0.5163511187607573,137,6,4.37956204379562
576,581,6,1.0327022375215147,137,6,4.37956204379562
577,581,7,1.2048192771084338,137,4,2.9197080291970803
578,581,7,1.2048192771084338,137,7,5.109489051094891
579,581,4,0.6884681583476765,137,2,1.4598540145985401
580,581,6,1.0327022375215147,136,4,2.941176470588235
581,581,7,1.2048192771084338,136,6,4.411764705882353
582,581,5,0.8605851979345954,136,4,2.941176470588235
583,581,7,1.2048192771084338,136,4,2.941176470588235
584,580,4,0.6896551724137931,136,3,2.2058823529411766
585,580,6,1.0344827586206897,136,5,3.6764705882352944
586,580,5,0.8620689655172413,136,3,2.2058823529411766
587,578,6,1.0380622837370241,136,4,2.941176470588235
588,577,5,0.8665511265164645,136,7,5.147058823529411
589,577,5,0.8665511265164645,136,3,2.2058823529411766
590,577,3,0.5199306759098787,136,5,3.6764705882352944
591,577,8,1.386481802426343,136,6,4.411764705882353
592,576,6,1.0416666666666665,136,5,3.6764705882352944
593,575,4,0.6956521739130435,135,4,2.9629629629629632
594,574,7,1.2195121951219512,135,2,1.4814814814814816
595,574,4,0.6968641114982579,135,1,0.7407407407407408
596,574,4,0.6968641114982579,135,1,0.7407407407407408
597,573,5,0.8726003490401396,135,6,4.444444444444445
598,572,2,0.34965034965034963,135,2,1.4814814814814816
599,571,6,1.0507880910683012,135,1,0.7407407407407408
600,570,2,0.3508771929824561,135,1,0.7407407407407408
601,567,3,0.5291005291005291,135,3,2.2222222222222223
602,567,11,1.9400352733686066,135,7,5.185185185185185
603,564,7,1.2411347517730498,135,4,2.9629629629629632
604,563,7,1.2433392539964476,135,6,4.444444444444445
605,560,3,0.5357142857142857,135,4,2.9629629629629632
606,555,7,1.2612612612612613,135,4,2.9629629629629632
607,553,2,0.3616636528028933,135,5,3.7037037037037033
608,552,2,0.36231884057971014,135,5,3.7037037037037033
609,551,6,1.0889292196007259,135,3,2.2222222222222223
610,550,5,0.9090909090909091,135,5,3.7037037037037033
611,550,9,1.6363636363636365,135,2,1.4814814814814816
612,549,11,2.0036429872495445,135,4,2.9629629629629632
613,549,5,0.9107468123861567,135,2,1.4814814814814816
614,547,6,1.0968921389396709,135,3,2.2222222222222223
615,547,8,1.4625228519195612,135,4,2.9629629629629632
616,546,7,1.282051282051282,135,7,5.185185185185185
617,545,1,0.1834862385321101,135,5,3.7037037037037033
618,544,7,1.2867647058823528,135,5,3.7037037037037033
619,544,14,2.5735294117647056,135,3,2.2222222222222223
620,542,4,0.7380073800738007,135,3,2.2222222222222223
621,542,3,0.5535055350553505,135,6,4.444444444444445
622,541,6,1.1090573012939002,135,7,5.185185185185185
623,539,5,0.927643784786642,135,6,4.444444444444445
624,538,4,0.7434944237918215,135,2,1.4814814814814816
625,536,2,0.3731343283582089,135,2,1.4814814814814816
626,536,5,0.9328358208955223,135,2,1.4814814814814816
627,536,10,1.8656716417910446,135,4,2.9629629629629632
628,536,9,1.6791044776119404,135,6,4.444444444444445
629,536,7,1.3059701492537312,135,3,2.2222222222222223
630,535,3,0.5607476635514018,135,9,6.666666666666667
631,532,7,1.3157894736842104,135,6,4.444444444444445
632,531,7,1.3182674199623352,135,6,4.444444444444445
633,528,7,1.3257575757575757,135,4,2.9629629629629632
634,527,4,0.7590132827324478,135,7,5.185185185185185
635,527,7,1.3282732447817838,135,4,2.9629629629629632
636,527,5,0.9487666034155597,135,9,6.666666666666667
637,527,6,1.1385199240986716,135,6,4.444444444444445
638,526,6,1.1406844106463878,135,6,4.444444444444445
639,523,4,0.7648183556405354,135,4,2.9629629629629632
640,522,5,0.9578544061302682,135,5,3.7037037037037033
641,522,3,0.5747126436781609,134,4,2.9850746268656714
642,520,3,0.576923076923077,134,8,5.970149253731343
643,520,9,1.7307692307692308,134,6,4.477611940298507
644,519,4,0.7707129094412332,134,6,4.477611940298507
645,519,4,0.7707129094412332,134,3,2.2388059701492535
646,519,4,0.7707129094412332,134,3,2.2388059701492535
647,517,6,1.160541586073501,134,6,4.477611940298507
648,517,6,1.160541586073501,134,7,5.223880597014925
649,516,7,1.3565891472868217,134,2,1.4925373134328357
650,514,5,0.9727626459143969,134,4,2.9850746268656714
651,514,3,0.5836575875486382,134,6,4.477611940298507
652,513,7,1.364522417153996,134,8,5.970149253731343
653,512,7,1.3671875,134,5,3.731343283582089
654,512,5,0.9765625,134,3,2.2388059701492535
655,512,0,0.0,134,3,2.2388059701492535
656,509,6,1.1787819253438114,134,7,5.223880597014925
657,504,4,0.7936507936507936,134,5,3.731343283582089
658,503,8,1.5904572564612325,134,4,2.9850746268656714
659,500,4,0.8,134,7,5.223880597014925
660,497,5,1.0060362173038229,134,4,2.9850746268656714
661,496,5,1.0080645161290323,133,3,2.2556390977443606
662,494,5,1.0121457489878543,133,3,2.2556390977443606
663,493,3,0.6085192697768762,133,8,6.015037593984962
664,492,8,1.6260162601626018,133,6,4.511278195488721
665,487,3,0.6160164271047228,132,8,6.0606060606060606
666,486,5,1.02880658436214,132,5,3.787878787878788
667,486,3,0.6172839506172839,132,3,2.272727272727273
668,484,7,1.4462809917355373,132,5,3.787878787878788
669,482,2,0.4149377593360996,132,9,6.8181818181818175
670,479,9,1.8789144050104383,132,4,3.0303030303030303
671,478,3,0.6276150627615062,132,7,5.303030303030303
672,476,4,0.8403361344537815,132,1,0.7575757575757576
673,474,4,0.8438818565400843,132,2,1.5151515151515151
674,473,5,1.0570824524312896,130,5,3.8461538461538463
675,472,8,1.694915254237288,130,7,5.384615384615385
676,471,10,2.1231422505307855,130,6,4.615384615384616
677,471,8,1.6985138004246285,130,3,2.307692307692308
678,471,6,1.2738853503184715,130,6,4.615384615384616
679,470,3,0.6382978723404255,130,5,3.8461538461538463
680,470,8,1.702127659574468,130,4,3.076923076923077
681,467,7,1.4989293361884368,130,5,3.8461538461538463
682,466,9,1.9313304721030045,130,6,4.615384615384616
683,466,3,0.6437768240343348,130,6,4.615384615384616
684,465,7,1.5053763440860215,130,5,3.8461538461538463
685,463,8,1.7278617710583155,130,5,3.8461538461538463
686,462,6,1.2987012987012987,130,4,3.076923076923077
687,461,7,1.5184381778741864,130,4,3.076923076923077
688,461,5,1.0845986984815619,130,4,3.076923076923077
689,459,4,0.8714596949891068,129,6,4.651162790697675
690,458,7,1.5283842794759825,129,3,2.3255813953488373
691,457,3,0.6564551422319475,129,5,3.875968992248062
692,457,5,1.0940919037199124,129,6,4.651162790697675
693,456,5,1.0964912280701753,129,5,3.875968992248062
694,455,4,0.8791208791208791,129,7,5.426356589147287
695,455,6,1.3186813186813187,129,6,4.651162790697675
696,451,8,1.7738359201773837,129,4,3.10077519379845
697,448,8,1.7857142857142856,129,5,3.875968992248062
698,446,7,1.5695067264573992,129,0,0.0
699,444,9,2.027027027027027,129,8,6.2015503875969
700,443,8,1.805869074492099,129,3,2.3255813953488373
701,441,5,1.1337868480725624,129,4,3.10077519379845
702,441,5,1.1337868480725624,129,9,6.976744186046512
703,441,10,2.2675736961451247,129,6,4.651162790697675
704,440,3,0.6818181818181818,129,5,3.875968992248062
705,440,7,1.5909090909090908,129,8,6.2015503875969
706,440,3,0.6818181818181818,129,7,5.426356589147287
707,440,4,0.9090909090909091,129,4,3.10077519379845
708,440,4,0.9090909090909091,129,6,4.651162790697675
709,440,7,1.5909090909090908,129,3,2.3255813953488373
710,440,5,1.1363636363636365,129,4,3.10077519379845
711,440,5,1.1363636363636365,129,4,3.10077519379845
712,439,7,1.5945330296127564,129,2,1.550387596899225
713,439,5,1.1389521640091116,129,3,2.3255813953488373
714,439,7,1.5945330296127564,129,6,4.651162790697675
715,439,4,0.9111617312072893,129,3,2.3255813953488373
716,438,7,1.5981735159817352,129,4,3.10077519379845
717,437,3,0.6864988558352403,129,3,2.3255813953488373
718,436,5,1.146788990825688,128,3,2.34375
719,436,3,0.6880733944954129,128,6,4.6875
720,436,3,0.6880733944954129,128,6,4.6875
721,436,3,0.6880733944954129,128,5,3.90625
722,435,6,1.3793103448275863,128,8,6.25
723,434,5,1.1520737327188941,128,4,3.125
724,434,4,0.9216589861751152,128,2,1.5625
725,434,5,1.1520737327188941,127,2,1.574803149606299
726,432,6,1.3888888888888888,127,2,1.574803149606299
727,432,2,0.4629629629629629,127,10,7.874015748031496
728,432,4,0.9259259259259258,127,4,3.149606299212598
729,432,6,1.3888888888888888,127,5,3.937007874015748
730,429,4,0.9324009324009324,127,4,3.149606299212598
731,429,3,0.6993006993006993,127,2,1.574803149606299
732,428,8,1.8691588785046727,127,4,3.149606299212598
733,428,1,0.23364485981308408,127,8,6.299212598425196
734,428,4,0.9345794392523363,127,2,1.574803149606299
735,427,8,1.873536299765808,127,3,2.3622047244094486
736,424,5,1.179245283018868,127,2,1.574803149606299
737,421,5,1.187648456057007,127,6,4.724409448818897
738,420,4,0.9523809523809524,127,3,2.3622047244094486
739,419,6,1.431980906921241,127,6,4.724409448818897
740,419,3,0.7159904534606205,127,2,1.574803149606299
741,418,6,1.4354066985645932,127,3,2.3622047244094486
742,418,4,0.9569377990430622,127,6,4.724409448818897
743,417,4,0.9592326139088728,127,3,2.3622047244094486
744,416,7,1.6826923076923077,127,5,3.937007874015748
745,416,4,0.9615384615384616,127,4,3.149606299212598
746,416,7,1.6826923076923077,127,5,3.937007874015748
747,416,5,1.201923076923077,127,4,3.149606299212598
748,416,3,0.7211538461538461,127,5,3.937007874015748
749,415,4,0.9638554216867471,127,3,2.3622047244094486
750,415,5,1.2048192771084338,127,4,3.149606299212598
751,415,5,1.2048192771084338,127,5,3.937007874015748
752,415,4,0.9638554216867471,127,2,1.574803149606299
753,415,3,0.7228915662650602,127,4,3.149606299212598
754,414,2,0.4830917874396135,127,2,1.574803149606299
755,414,7,1.6908212560386473,127,3,2.3622047244094486
756,414,8,1.932367149758454,127,5,3.937007874015748
757,414,4,0.966183574879227,127,0,0.0
758,413,6,1.4527845036319613,127,2,1.574803149606299
759,413,2,0.48426150121065376,127,4,3.149606299212598
760,413,4,0.9685230024213075,127,2,1.574803149606299
761,413,2,0.48426150121065376,127,6,4.724409448818897
762,412,3,0.7281553398058253,127,6,4.724409448818897
763,412,4,0.9708737864077669,127,2,1.574803149606299
764,411,7,1.70316301703163,127,1,0.7874015748031495
765,411,2,0.48661800486618007,127,3,2.3622047244094486
766,410,3,0.7317073170731708,127,6,4.724409448818897
767,410,4,0.975609756097561,127,4,3.149606299212598
768,410,1,0.24390243902439024,127,7,5.511811023622047
769,408,3,0.7352941176470588,127,4,3.149606299212598
770,408,1,0.24509803921568626,127,4,3.149606299212598
771,408,5,1.2254901960784315,127,6,4.724409448818897
772,408,4,0.9803921568627451,127,3,2.3622047244094486
773,407,2,0.4914004914004914,127,6,4.724409448818897
774,406,5,1.2315270935960592,127,6,4.724409448818897
775,405,3,0.7407407407407408,127,3,2.3622047244094486
776,405,4,0.9876543209876543,127,5,3.937007874015748
777,404,5,1.2376237623762376,127,4,3.149606299212598
778,404,5,1.2376237623762376,127,6,4.724409448818897
779,403,5,1.240694789081886,127,4,3.149606299212598
780,403,6,1.488833746898263,127,3,2.3622047244094486
781,403,2,0.49627791563275436,127,7,5.511811023622047
782,403,7,1.7369727047146404,127,0,0.0
783,403,7,1.7369727047146404,127,5,3.937007874015748
784,402,6,1.4925373134328357,127,6,4.724409448818897
785,402,3,0.7462686567164178,127,3,2.3622047244094486
786,402,6,1.4925373134328357,127,1,0.7874015748031495
787,402,4,0.9950248756218906,127,4,3.149606299212598
788,402,6,1.4925373134328357,127,6,4.724409448818897
789,402,5,1.2437810945273633,127,4,3.149606299212598
790,402,6,1.4925373134328357,127,5,3.937007874015748
791,401,3,0.7481296758104738,127,3,2.3622047244094486
792,399,7,1.7543859649122806,127,4,3.149606299212598
793,398,3,0.7537688442211055,127,5,3.937007874015748
794,398,1,0.25125628140703515,127,2,1.574803149606299
795,398,7,1.7587939698492463,127,6,4.724409448818897
796,398,5,1.256281407035176,127,3,2.3622047244094486
797,398,3,0.7537688442211055,127,4,3.149606299212598
798,398,4,1.0050251256281406,127,5,3.937007874015748
799,398,4,1.0050251256281406,127,7,5.511811023622047
800,396,3,0.7575757575757576,127,4,3.149606299212598
801,396,5,1.2626262626262625,127,3,2.3622047244094486
802,396,2,0.5050505050505051,127,3,2.3622047244094486
803,396,6,1.5151515151515151,127,4,3.149606299212598
804,395,3,0.7594936708860759,127,6,4.724409448818897
805,394,2,0.5076142131979695,127,3,2.3622047244094486
806,393,4,1.0178117048346056,127,4,3.149606299212598
807,392,8,2.0408163265306123,127,6,4.724409448818897
808,392,5,1.2755102040816326,127,3,2.3622047244094486
809,391,2,0.5115089514066496,127,3,2.3622047244094486
810,391,5,1.278772378516624,127,4,3.149606299212598
811,390,5,1.282051282051282,127,6,4.724409448818897
812,389,5,1.2853470437017995,127,3,2.3622047244094486
813,389,4,1.0282776349614395,127,4,3.149606299212598
814,387,7,1.8087855297157622,127,3,2.3622047244094486
815,387,5,1.2919896640826873,127,8,6.299212598425196
816,386,4,1.0362694300518136,127,2,1.574803149606299
817,385,4,1.0389610389610389,127,5,3.937007874015748
818,385,5,1.2987012987012987,127,3,2.3622047244094486
819,382,3,0.7853403141361256,127,4,3.149606299212598
820,382,9,2.356020942408377,127,4,3.149606299212598
821,382,2,0.5235602094240838,127,1,0.7874015748031495
822,382,1,0.2617801047120419,127,3,2.3622047244094486
823,382,4,1.0471204188481675,127,5,3.937007874015748
824,382,5,1.3089005235602094,126,4,3.1746031746031744
825,382,5,1.3089005235602094,125,2,1.6
826,382,3,0.7853403141361256,125,4,3.2
827,382,4,1.0471204188481675,125,3,2.4
828,380,3,0.7894736842105263,125,3,2.4
829,378,4,1.0582010582010581,125,3,2.4
830,378,4,1.0582010582010581,125,5,4.0
831,375,6,1.6,125,7,5.6000000000000005
832,373,6,1.6085790884718498,125,2,1.6
833,373,3,0.8042895442359249,125,4,3.2
834,372,3,0.8064516129032258,124,1,0.8064516129032258
835,371,2,0.5390835579514826,124,2,1.6129032258064515
836,368,7,1.9021739130434785,124,5,4.032258064516129
837,366,3,0.819672131147541,124,3,2.4193548387096775
838,365,4,1.095890410958904,124,4,3.225806451612903
839,364,6,1.6483516483516485,124,1,0.8064516129032258
840,363,5,1.3774104683195594,124,3,2.4193548387096775
841,363,4,1.1019283746556474,124,2,1.6129032258064515
842,363,0,0.0,123,4,3.2520325203252036
843,363,5,1.3774104683195594,123,6,4.878048780487805
844,362,4,1.1049723756906076,123,3,2.4390243902439024
845,362,3,0.8287292817679558,123,1,0.8130081300813009
846,362,2,0.5524861878453038,123,1,0.8130081300813009
847,361,2,0.554016620498615,123,4,3.2520325203252036
848,361,3,0.8310249307479225,123,6,4.878048780487805
849,360,1,0.2777777777777778,123,6,4.878048780487805
850,359,5,1.392757660167131,123,2,1.6260162601626018
851,357,4,1.1204481792717087,123,4,3.2520325203252036
852,356,10,2.8089887640449436,123,1,0.8130081300813009
853,356,6,1.6853932584269662,123,5,4.0650406504065035
854,352,2,0.5681818181818182,123,7,5.691056910569105
855,350,7,2.0,123,2,1.6260162601626018
856,348,3,0.8620689655172413,123,6,4.878048780487805
857,346,4,1.1560693641618496,123,2,1.6260162601626018
858,346,3,0.8670520231213872,123,4,3.2520325203252036
859,345,4,1.1594202898550725,123,6,4.878048780487805
860,344,3,0.872093023255814,123,1,0.8130081300813009
861,343,6,1.749271137026239,123,6,4.878048780487805
862,343,2,0.5830903790087464,123,3,2.4390243902439024
863,343,5,1.4577259475218658,122,3,2.459016393442623
864,343,2,0.5830903790087464,122,7,5.737704918032787
865,341,4,1.1730205278592376,122,1,0.819672131147541
866,340,1,0.29411764705882354,122,3,2.459016393442623
867,339,4,1.1799410029498525,122,2,1.639344262295082
868,336,7,2.083333333333333,122,4,3.278688524590164
869,336,6,1.7857142857142856,122,4,3.278688524590164
870,334,8,2.3952095808383236,122,2,1.639344262295082
871,332,5,1.5060240963855422,122,2,1.639344262295082
872,330,2,0.6060606060606061,122,2,1.639344262295082
873,330,4,1.2121212121212122,122,4,3.278688524590164
874,329,3,0.911854103343465,122,4,3.278688524590164
875,328,3,0.9146341463414633,122,3,2.459016393442623
876,328,1,0.3048780487804878,122,3,2.459016393442623
877,328,7,2.1341463414634148,122,2,1.639344262295082
878,326,2,0.6134969325153374,122,2,1.639344262295082
879,326,5,1.5337423312883436,122,4,3.278688524590164
880,325,1,0.3076923076923077,121,2,1.6528925619834711
881,321,2,0.6230529595015576,121,2,1.6528925619834711
882,321,3,0.9345794392523363,121,5,4.132231404958678
883,320,6,1.875,121,4,3.3057851239669422
884,317,6,1.8927444794952681,121,0,0.0
885,315,5,1.5873015873015872,121,4,3.3057851239669422
886,314,1,0.3184713375796179,121,3,2.479338842975207
887,314,6,1.910828025477707,121,3,2.479338842975207
888,313,3,0.9584664536741214,121,1,0.8264462809917356
889,312,4,1.282051282051282,121,6,4.958677685950414
890,312,5,1.6025641025641024,121,5,4.132231404958678
891,312,6,1.9230769230769231,121,5,4.132231404958678
892,311,2,0.6430868167202572,121,4,3.3057851239669422
893,310,4,1.2903225806451613,121,4,3.3057851239669422
894,308,9,2.922077922077922,121,5,4.132231404958678
895,308,3,0.974025974025974,120,7,5.833333333333333
896,308,6,1.948051948051948,120,4,3.3333333333333335
897,307,6,1.9543973941368076,120,6,5.0
898,307,5,1.6286644951140066,120,6,5.0
899,304,2,0.6578947368421052,120,3,2.5
900,303,5,1.65016501650165,120,3,2.5
901,303,2,0.6600660066006601,120,1,0.8333333333333334
902,302,6,1.9867549668874174,120,1,0.8333333333333334
903,300,5,1.6666666666666667,120,2,1.6666666666666667
904,300,5,1.6666666666666667,120,3,2.5
905,300,4,1.3333333333333335,120,3,2.5
906,300,2,0.6666666666666667,120,2,1.6666666666666667
907,300,5,1.6666666666666667,120,3,2.5
908,300,4,1.3333333333333335,120,2,1.6666666666666667
909,297,7,2.356902356902357,120,2,1.6666666666666667
910,297,7,2.356902356902357,120,5,4.166666666666666
911,295,0,0.0,120,6,5.0
912,293,2,0.6825938566552902,120,3,2.5
913,292,5,1.7123287671232876,120,6,5.0
914,290,3,1.0344827586206897,120,1,0.8333333333333334
915,288,4,1.3888888888888888,120,6,5.0
916,287,5,1.7421602787456445,120,3,2.5
917,287,3,1.0452961672473868,120,6,5.0
918,286,3,1.048951048951049,120,3,2.5
919,286,5,1.7482517482517483,120,5,4.166666666666666
920,286,5,1.7482517482517483,120,4,3.3333333333333335
921,286,3,1.048951048951049,120,5,4.166666666666666
922,286,4,1.3986013986013985,120,3,2.5
923,285,8,2.807017543859649,120,3,2.5
924,284,3,1.056338028169014,120,6,5.0
925,284,7,2.464788732394366,120,7,5.833333333333333
926,284,5,1.7605633802816902,120,3,2.5
927,283,3,1.0600706713780919,120,4,3.3333333333333335
928,282,3,1.0638297872340425,120,5,4.166666666666666
929,281,5,1.7793594306049825,120,5,4.166666666666666
930,281,3,1.0676156583629894,120,8,6.666666666666667
931,281,4,1.4234875444839856,120,7,5.833333333333333
932,281,3,1.0676156583629894,120,5,4.166666666666666
933,281,3,1.0676156583629894,120,8,6.666666666666667
934,281,5,1.7793594306049825,120,5,4.166666666666666
935,281,7,2.491103202846975,119,4,3.361344537815126
936,281,4,1.4234875444839856,119,6,5.042016806722689
937,281,2,0.7117437722419928,119,5,4.201680672268908
938,281,2,0.7117437722419928,119,4,3.361344537815126
939,281,5,1.7793594306049825,119,3,2.5210084033613445
940,279,6,2.1505376344086025,119,8,6.722689075630252
941,279,2,0.7168458781362007,119,7,5.88235294117647
942,279,5,1.7921146953405016,119,5,4.201680672268908
943,278,4,1.4388489208633095,119,6,5.042016806722689
944,278,1,0.3597122302158274,119,5,4.201680672268908
945,277,2,0.7220216606498195,119,9,7.563025210084033
946,275,8,2.909090909090909,119,6,5.042016806722689
947,274,7,2.5547445255474455,119,4,3.361344537815126
948,273,3,1.098901098901099,119,7,5.88235294117647
949,272,2,0.7352941176470588,119,5,4.201680672268908
950,270,4,1.4814814814814816,119,3,2.5210084033613445
951,268,6,2.2388059701492535,119,3,2.5210084033613445
952,268,4,1.4925373134328357,119,7,5.88235294117647
953,267,6,2.247191011235955,119,1,0.8403361344537815
954,267,9,3.3707865168539324,119,3,2.5210084033613445
955,267,2,0.7490636704119851,119,5,4.201680672268908
956,266,5,1.8796992481203008,119,5,4.201680672268908
957,265,2,0.7547169811320755,119,3,2.5210084033613445
958,264,4,1.5151515151515151,119,6,5.042016806722689
959,264,5,1.893939393939394,119,4,3.361344537815126
960,264,4,1.5151515151515151,119,3,2.5210084033613445
961,263,2,0.7604562737642585,119,4,3.361344537815126
962,263,9,3.4220532319391634,119,7,5.88235294117647
963,263,9,3.4220532319391634,119,6,5.042016806722689
964,262,3,1.1450381679389312,119,5,4.201680672268908
965,261,6,2.2988505747126435,119,2,1.680672268907563
966,261,6,2.2988505747126435,119,6,5.042016806722689
967,260,8,3.076923076923077,119,3,2.5210084033613445
968,260,6,2.307692307692308,119,4,3.361344537815126
969,260,5,1.9230769230769231,119,6,5.042016806722689
970,260,7,2.6923076923076925,119,4,3.361344537815126
971,260,4,1.5384615384615385,119,2,1.680672268907563
972,259,5,1.9305019305019304,119,3,2.5210084033613445
973,259,3,1.1583011583011582,119,8,6.722689075630252
974,258,6,2.3255813953488373,119,4,3.361344537815126
975,257,6,2.3346303501945527,119,3,2.5210084033613445
976,257,3,1.1673151750972763,119,5,4.201680672268908
977,257,4,1.556420233463035,119,2,1.680672268907563
978,257,3,1.1673151750972763,119,3,2.5210084033613445
979,257,4,1.556420233463035,119,2,1.680672268907563
980,256,4,1.5625,119,5,4.201680672268908
981,255,3,1.1764705882352942,119,3,2.5210084033613445
982,255,6,2.3529411764705883,119,3,2.5210084033613445
983,254,6,2.3622047244094486,119,1,0.8403361344537815
984,254,2,0.7874015748031495,119,3,2.5210084033613445
985,254,5,1.968503937007874,119,2,1.680672268907563
986,254,2,0.7874015748031495,119,5,4.201680672268908
987,254,6,2.3622047244094486,119,4,3.361344537815126
988,254,7,2.7559055118110236,119,5,4.201680672268908
989,253,3,1.185770750988142,119,5,4.201680672268908
990,252,6,2.380952380952381,119,6,5.042016806722689
991,251,5,1.9920318725099602,119,4,3.361344537815126
992,251,4,1.593625498007968,119,5,4.201680672268908
993,250,3,1.2,119,5,4.201680672268908
994,250,6,2.4,119,3,2.5210084033613445
995,250,2,0.8,119,2,1.680672268907563
996,249,1,0.4016064257028112,119,4,3.361344537815126
997,249,2,0.8032128514056224,119,6,5.042016806722689
998,248,2,0.8064516129032258,119,6,5.042016806722689
999,247,5,2.0242914979757085,119,2,1.680672268907563
1000,247,6,2.42914979757085,119,3,2.5210084033613445
1001,245,4,1.6326530612244898,119,4,3.361344537815126
1002,245,4,1.6326530612244898,119,3,2.5210084033613445
1003,245,1,0.40816326530612246,119,4,3.361344537815126
1004,245,1,0.40816326530612246,119,5,4.201680672268908
1005,245,4,1.6326530612244898,119,3,2.5210084033613445
1006,245,7,2.857142857142857,119,6,5.042016806722689
1007,245,4,1.6326530612244898,119,5,4.201680672268908
1008,245,3,1.2244897959183674,119,6,5.042016806722689
1009,245,3,1.2244897959183674,119,4,3.361344537815126
1010,245,4,1.6326530612244898,119,5,4.201680672268908
1011,245,6,2.4489795918367347,119,6,5.042016806722689
1012,245,3,1.2244897959183674,119,3,2.5210084033613445
1013,245,6,2.4489795918367347,119,3,2.5210084033613445
1014,245,6,2.4489795918367347,119,4,3.361344537815126
1015,244,5,2.0491803278688523,119,1,0.8403361344537815
1016,243,3,1.2345679012345678,119,4,3.361344537815126
1017,243,6,2.4691358024691357,119,5,4.201680672268908
1018,243,5,2.05761316872428,119,4,3.361344537815126
1019,243,5,2.05761316872428,119,2,1.680672268907563
1020,243,4,1.646090534979424,119,2,1.680672268907563
1021,243,5,2.05761316872428,119,3,2.5210084033613445
1022,243,5,2.05761316872428,119,3,2.5210084033613445
1023,243,3,1.2345679012345678,119,5,4.201680672268908
1024,243,10,4.11522633744856,119,3,2.5210084033613445
1025,243,6,2.4691358024691357,119,2,1.680672268907563
1026,243,2,0.823045267489712,119,3,2.5210084033613445
1027,243,4,1.646090534979424,119,3,2.5210084033613445
1028,243,1,0.411522633744856,119,4,3.361344537815126
1029,243,2,0.823045267489712,119,6,5.042016806722689
1030,243,3,1.2345679012345678,119,4,3.361344537815126
1031,243,4,1.646090534979424,119,5,4.201680672268908
1032,243,0,0.0,119,2,1.680672268907563
1033,243,2,0.823045267489712,119,1,0.8403361344537815
1034,243,5,2.05761316872428,119,9,7.563025210084033
1035,243,4,1.646090534979424,119,6,5.042016806722689
1036,243,1,0.411522633744856,119,3,2.5210084033613445
1037,243,3,1.2345679012345678,119,3,2.5210084033613445
1038,243,5,2.05761316872428,119,6,5.042016806722689
1039,243,4,1.646090534979424,119,5,4.201680672268908
1040,243,3,1.2345679012345678,119,4,3.361344537815126
1041,243,7,2.880658436213992,119,4,3.361344537815126
1042,243,4,1.646090534979424,119,3,2.5210084033613445
1043,243,7,2.880658436213992,119,4,3.361344537815126
1044,243,4,1.646090534979424,119,3,2.5210084033613445
1045,243,2,0.823045267489712,119,2,1.680672268907563
1046,243,6,2.4691358024691357,119,1,0.8403361344537815
1047,243,10,4.11522633744856,119,6,5.042016806722689
1048,243,4,1.646090534979424,119,2,1.680672268907563
1049,243,2,0.823045267489712,119,3,2.5210084033613445
1050,242,8,3.3057851239669422,119,1,0.8403361344537815
1051,242,4,1.6528925619834711,119,4,3.361344537815126
1052,242,2,0.8264462809917356,119,5,4.201680672268908
1053,242,3,1.2396694214876034,119,1,0.8403361344537815
1054,242,5,2.066115702479339,119,2,1.680672268907563
1055,242,5,2.066115702479339,119,2,1.680672268907563
1056,242,5,2.066115702479339,119,8,6.722689075630252
1057,241,5,2.0746887966804977,119,8,6.722689075630252
1058,240,5,2.083333333333333,119,2,1.680672268907563
1059,240,6,2.5,119,1,0.8403361344537815
1060,240,11,4.583333333333333,119,3,2.5210084033613445
1061,240,4,1.6666666666666667,119,2,1.680672268907563
1062,240,5,2.083333333333333,119,3,2.5210084033613445
1063,240,7,2.9166666666666665,119,5,4.201680672268908
1064,240,3,1.25,119,4,3.361344537815126
1065,240,5,2.083333333333333,119,2,1.680672268907563
1066,240,3,1.25,119,3,2.5210084033613445
1067,240,3,1.25,119,5,4.201680672268908
1068,240,5,2.083333333333333,119,2,1.680672268907563
1069,240,4,1.6666666666666667,119,2,1.680672268907563
1070,240,3,1.25,119,5,4.201680672268908
1071,240,4,1.6666666666666667,119,4,3.361344537815126
1072,240,3,1.25,119,4,3.361344537815126
1073,240,5,2.083333333333333,119,3,2.5210084033613445
1074,240,4,1.6666666666666667,119,3,2.5210084033613445
1075,240,6,2.5,119,2,1.680672268907563
1076,240,7,2.9166666666666665,119,3,2.5210084033613445
1077,240,5,2.083333333333333,119,1,0.8403361344537815
1078,240,2,0.8333333333333334,119,3,2.5210084033613445
1079,240,4,1.6666666666666667,119,3,2.5210084033613445
1080,240,5,2.083333333333333,119,7,5.88235294117647
1081,240,2,0.8333333333333334,119,2,1.680672268907563
1082,240,6,2.5,119,5,4.201680672268908
1083,240,4,1.6666666666666667,119,5,4.201680672268908
1084,240,6,2.5,119,3,2.5210084033613445
1085,240,7,2.9166666666666665,119,2,1.680672268907563
1086,240,4,1.6666666666666667,119,3,2.5210084033613445
1087,240,3,1.25,119,5,4.201680672268908
1088,240,5,2.083333333333333,119,4,3.361344537815126
1089,239,3,1.2552301255230125,119,3,2.5210084033613445
1090,239,5,2.092050209205021,119,8,6.722689075630252
1091,239,7,2.928870292887029,119,4,3.361344537815126
1092,239,4,1.6736401673640167,119,6,5.042016806722689
1093,239,1,0.41841004184100417,119,3,2.5210084033613445
1094,239,7,2.928870292887029,119,3,2.5210084033613445
1095,239,4,1.6736401673640167,119,1,0.8403361344537815
1096,239,4,1.6736401673640167,119,3,2.5210084033613445
1097,239,5,2.092050209205021,119,7,5.88235294117647
1098,239,5,2.092050209205021,119,1,0.8403361344537815
1099,239,2,0.8368200836820083,119,1,0.8403361344537815
1100,239,4,1.6736401673640167,119,3,2.5210084033613445
1101,239,7,2.928870292887029,119,2,1.680672268907563
1102,238,3,1.2605042016806722,119,7,5.88235294117647
1103,238,8,3.361344537815126,119,5,4.201680672268908
1104,238,5,2.100840336134454,119,4,3.361344537815126
1105,238,3,1.2605042016806722,119,5,4.201680672268908
1106,238,6,2.5210084033613445,119,4,3.361344537815126
1107,238,1,0.42016806722689076,119,3,2.5210084033613445
1108,238,3,1.2605042016806722,119,7,5.88235294117647
1109,238,5,2.100840336134454,119,6,5.042016806722689
1110,238,6,2.5210084033613445,119,5,4.201680672268908
1111,238,3,1.2605042016806722,119,4,3.361344537815126
1112,238,3,1.2605042016806722,119,4,3.361344537815126
1113,238,5,2.100840336134454,119,4,3.361344537815126
1114,238,4,1.680672268907563,119,5,4.201680672268908
1115,238,6,2.5210084033613445,119,5,4.201680672268908
1116,238,2,0.8403361344537815,119,2,1.680672268907563
1117,238,5,2.100840336134454,119,2,1.680672268907563
1118,238,2,0.8403361344537815,118,3,2.5423728813559325
1119,238,3,1.2605042016806722,118,5,4.23728813559322
1120,238,1,0.42016806722689076,118,6,5.084745762711865
1121,238,1,0.42016806722689076,118,5,4.23728813559322
1122,238,3,1.2605042016806722,118,6,5.084745762711865
1123,238,2,0.8403361344537815,118,7,5.932203389830509
1124,238,3,1.2605042016806722,118,6,5.084745762711865
1125,238,2,0.8403361344537815,118,4,3.389830508474576
1126,238,4,1.680672268907563,118,5,4.23728813559322
1127,238,3,1.2605042016806722,118,4,3.389830508474576
1128,238,2,0.8403361344537815,118,3,2.5423728813559325
1129,238,3,1.2605042016806722,117,5,4.273504273504273
1130,238,2,0.8403361344537815,117,5,4.273504273504273
1131,236,6,2.5423728813559325,117,4,3.418803418803419
1132,236,7,2.9661016949152543,117,4,3.418803418803419
1133,236,4,1.694915254237288,117,4,3.418803418803419
1134,236,5,2.11864406779661,117,4,3.418803418803419
1135,236,4,1.694915254237288,117,4,3.418803418803419
1136,236,3,1.2711864406779663,117,2,1.7094017094017095
1137,236,5,2.11864406779661,117,1,0.8547008547008548
1138,236,3,1.2711864406779663,117,4,3.418803418803419
1139,236,2,0.847457627118644,117,7,5.982905982905983
1140,236,2,0.847457627118644,117,1,0.8547008547008548
1141,236,4,1.694915254237288,117,5,4.273504273504273
1142,236,3,1.2711864406779663,117,4,3.418803418803419
1143,236,0,0.0,117,2,1.7094017094017095
1144,236,3,1.2711864406779663,117,4,3.418803418803419
1145,236,3,1.2711864406779663,117,4,3.418803418803419
1146,235,3,1.276595744680851,117,4,3.418803418803419
1147,235,6,2.553191489361702,117,4,3.418803418803419
1148,235,3,1.276595744680851,117,3,2.564102564102564
1149,235,1,0.425531914893617,117,2,1.7094017094017095
1150,235,3,1.276595744680851,117,5,4.273504273504273
1151,235,5,2.127659574468085,117,2,1.7094017094017095
1152,235,5,2.127659574468085,117,3,2.564102564102564
1153,235,2,0.851063829787234,117,1,0.8547008547008548
1154,235,4,1.702127659574468,117,3,2.564102564102564
1155,235,5,2.127659574468085,117,1,0.8547008547008548
1156,235,4,1.702127659574468,117,5,4.273504273504273
1157,235,5,2.127659574468085,117,4,3.418803418803419
1158,234,2,0.8547008547008548,117,1,0.8547008547008548
1159,234,3,1.282051282051282,117,3,2.564102564102564
1160,234,2,0.8547008547008548,117,2,1.7094017094017095
1161,234,3,1.282051282051282,117,4,3.418803418803419
1162,233,5,2.1459227467811157,117,4,3.418803418803419
1163,233,1,0.4291845493562232,117,2,1.7094017094017095
1164,233,3,1.2875536480686696,117,5,4.273504273504273
1165,233,5,2.1459227467811157,117,2,1.7094017094017095
1166,232,4,1.7241379310344827,117,2,1.7094017094017095
1167,232,3,1.293103448275862,117,3,2.564102564102564
1168,232,4,1.7241379310344827,117,0,0.0
1169,232,2,0.8620689655172413,117,4,3.418803418803419
1170,232,4,1.7241379310344827,117,5,4.273504273504273
1171,232,3,1.293103448275862,117,4,3.418803418803419
1172,232,4,1.7241379310344827,117,4,3.418803418803419
1173,232,2,0.8620689655172413,117,4,3.418803418803419
1174,232,3,1.293103448275862,117,3,2.564102564102564
1175,232,2,0.8620689655172413,117,0,0.0
1176,232,4,1.7241379310344827,117,4,3.418803418803419
1177,232,4,1.7241379310344827,117,1,0.8547008547008548
1178,232,1,0.43103448275862066,117,6,5.128205128205128
1179,232,3,1.293103448275862,117,4,3.418803418803419
1180,232,1,0.43103448275862066,117,2,1.7094017094017095
1181,232,4,1.7241379310344827,117,3,2.564102564102564
1182,232,0,0.0,117,5,4.273504273504273
1183,232,2,0.8620689655172413,117,3,2.564102564102564
1184,232,2,0.8620689655172413,117,6,5.128205128205128
1185,232,1,0.43103448275862066,117,6,5.128205128205128
1186,232,5,2.1551724137931036,117,2,1.7094017094017095
1187,232,4,1.7241379310344827,117,0,0.0
1188,232,2,0.8620689655172413,117,2,1.7094017094017095
1189,232,4,1.7241379310344827,117,5,4.273504273504273
1190,232,1,0.43103448275862066,117,2,1.7094017094017095
1191,232,4,1.7241379310344827,117,3,2.564102564102564
1192,232,1,0.43103448275862066,117,3,2.564102564102564
1193,232,2,0.8620689655172413,117,5,4.273504273504273
1194,232,4,1.7241379310344827,117,3,2.564102564102564
1195,232,3,1.293103448275862,117,4,3.418803418803419
1196,232,3,1.293103448275862,117,3,2.564102564102564
1197,232,2,0.8620689655172413,117,7,5.982905982905983
1198,231,1,0.4329004329004329,117,1,0.8547008547008548
1199,231,4,1.7316017316017316,117,1,0.8547008547008548
1200,230,8,3.4782608695652173,117,7,5.982905982905983
1201,230,5,2.1739130434782608,117,3,2.564102564102564
1202,229,3,1.3100436681222707,117,2,1.7094017094017095
1203,229,2,0.8733624454148471,117,8,6.837606837606838
1204,229,3,1.3100436681222707,117,7,5.982905982905983
1205,228,5,2.1929824561403506,117,5,4.273504273504273
1206,228,2,0.8771929824561403,117,4,3.418803418803419
1207,228,4,1.7543859649122806,117,4,3.418803418803419
1208,228,4,1.7543859649122806,117,2,1.7094017094017095
1209,228,1,0.43859649122807015,117,4,3.418803418803419
1210,228,3,1.3157894736842104,117,5,4.273504273504273
1211,228,4,1.7543859649122806,117,5,4.273504273504273
1212,228,2,0.8771929824561403,117,1,0.8547008547008548
1213,227,7,3.0837004405286343,117,2,1.7094017094017095
1214,227,4,1.762114537444934,117,3,2.564102564102564
1215,226,3,1.3274336283185841,117,3,2.564102564102564
1216,226,3,1.3274336283185841,117,4,3.418803418803419
1217,226,3,1.3274336283185841,117,3,2.564102564102564
1218,225,2,0.8888888888888888,117,3,2.564102564102564
1219,225,3,1.3333333333333335,117,3,2.564102564102564
1220,225,5,2.2222222222222223,117,1,0.8547008547008548
1221,225,5,2.2222222222222223,117,7,5.982905982905983
1222,225,6,2.666666666666667,117,2,1.7094017094017095
1223,225,2,0.8888888888888888,117,4,3.418803418803419
1224,225,2,0.8888888888888888,117,2,1.7094017094017095
1225,225,2,0.8888888888888888,117,6,5.128205128205128
1226,225,4,1.7777777777777777,117,7,5.982905982905983
1227,225,3,1.3333333333333335,117,8,6.837606837606838
1228,225,4,1.7777777777777777,117,2,1.7094017094017095
1229,225,3,1.3333333333333335,117,1,0.8547008547008548
1230,225,5,2.2222222222222223,117,2,1.7094017094017095
1231,225,6,2.666666666666667,117,3,2.564102564102564
1232,225,2,0.8888888888888888,117,5,4.273504273504273
1233,225,3,1.3333333333333335,117,2,1.7094017094017095
1234,225,3,1.3333333333333335,117,3,2.564102564102564
1235,225,4,1.7777777777777777,117,4,3.418803418803419
1236,225,4,1.7777777777777777,117,2,1.7094017094017095
1237,225,2,0.8888888888888888,117,1,0.8547008547008548
1238,225,3,1.3333333333333335,117,2,1.7094017094017095
1239,225,3,1.3333333333333335,117,7,5.982905982905983
1240,225,4,1.7777777777777777,117,6,5.128205128205128
1241,225,1,0.4444444444444444,117,2,1.7094017094017095
1242,225,2,0.8888888888888888,117,3,2.564102564102564
1243,225,3,1.3333333333333335,117,5,4.273504273504273
1244,225,3,1.3333333333333335,117,2,1.7094017094017095
1245,225,4,1.7777777777777777,117,4,3.418803418803419
1246,225,2,0.8888888888888888,117,3,2.564102564102564
1247,225,3,1.3333333333333335,117,3,2.564102564102564
1248,225,3,1.3333333333333335,117,3,2.564102564102564
1249,225,2,0.8888888888888888,117,3,2.564102564102564
1250,225,2,0.8888888888888888,117,5,4.273504273504273
1251,225,2,0.8888888888888888,117,2,1.7094017094017095
1252,225,1,0.4444444444444444,117,4,3.418803418803419
1253,225,4,1.7777777777777777,117,4,3.418803418803419
1254,225,5,2.2222222222222223,117,3,2.564102564102564
1255,225,1,0.4444444444444444,117,6,5.128205128205128
1256,225,3,1.3333333333333335,117,3,2.564102564102564
1257,225,5,2.2222222222222223,117,4,3.418803418803419
1258,225,2,0.8888888888888888,117,3,2.564102564102564
1259,225,4,1.7777777777777777,117,3,2.564102564102564
1260,225,3,1.3333333333333335,117,2,1.7094017094017095
1261,225,2,0.8888888888888888,117,5,4.273504273504273
1262,225,4,1.7777777777777777,117,4,3.418803418803419
1263,225,2,0.8888888888888888,117,1,0.8547008547008548
1264,225,3,1.3333333333333335,116,4,3.4482758620689653
1265,225,2,0.8888888888888888,116,5,4.310344827586207
1266,225,3,1.3333333333333335,116,3,2.586206896551724
1267,225,4,1.7777777777777777,116,2,1.7241379310344827
1268,225,2,0.8888888888888888,116,5,4.310344827586207
1269,224,1,0.4464285714285714,116,1,0.8620689655172413
1270,224,3,1.3392857142857142,116,5,4.310344827586207
1271,224,0,0.0,116,2,1.7241379310344827
1272,224,4,1.7857142857142856,116,4,3.4482758620689653
1273,224,4,1.7857142857142856,116,2,1.7241379310344827
1274,224,7,3.125,116,2,1.7241379310344827
1275,224,2,0.8928571428571428,116,3,2.586206896551724
1276,224,10,4.464285714285714,116,1,0.8620689655172413
1277,224,2,0.8928571428571428,116,6,5.172413793103448
1278,224,2,0.8928571428571428,116,2,1.7241379310344827
1279,224,5,2.232142857142857,116,7,6.0344827586206895
1280,224,2,0.8928571428571428,116,3,2.586206896551724
1281,224,2,0.8928571428571428,116,3,2.586206896551724
1282,224,0,0.0,116,4,3.4482758620689653
1283,224,3,1.3392857142857142,116,4,3.4482758620689653
1284,224,2,0.8928571428571428,116,5,4.310344827586207
1285,224,4,1.7857142857142856,116,4,3.4482758620689653
1286,224,2,0.8928571428571428,116,3,2.586206896551724
1287,224,4,1.7857142857142856,116,4,3.4482758620689653
1288,224,3,1.3392857142857142,116,3,2.586206896551724
1289,224,4,1.7857142857142856,116,3,2.586206896551724
1290,224,1,0.4464285714285714,116,1,0.8620689655172413
1291,224,0,0.0,116,0,0.0
1292,224,2,0.8928571428571428,116,3,2.586206896551724
1293,224,3,1.3392857142857142,116,4,3.4482758620689653
1294,222,6,2.7027027027027026,116,6,5.172413793103448
1295,220,1,0.45454545454545453,116,3,2.586206896551724
1296,220,3,1.3636363636363635,116,4,3.4482758620689653
1297,220,3,1.3636363636363635,116,4,3.4482758620689653
1298,220,2,0.9090909090909091,116,4,3.4482758620689653
1299,220,2,0.9090909090909091,116,4,3.4482758620689653
1300,219,3,1.36986301369863,116,3,2.586206896551724
1301,219,0,0.0,116,4,3.4482758620689653
1302,219,1,0.45662100456621,116,2,1.7241379310344827
1303,219,3,1.36986301369863,116,2,1.7241379310344827
1304,218,2,0.9174311926605505,116,5,4.310344827586207
1305,218,4,1.834862385321101,116,2,1.7241379310344827
1306,218,2,0.9174311926605505,116,2,1.7241379310344827
1307,218,0,0.0,116,4,3.4482758620689653
1308,218,3,1.3761467889908259,116,3,2.586206896551724
1309,218,7,3.211009174311927,116,4,3.4482758620689653
1310,218,4,1.834862385321101,116,3,2.586206896551724
1311,217,2,0.9216589861751152,116,3,2.586206896551724
1312,216,2,0.9259259259259258,116,2,1.7241379310344827
1313,215,3,1.3953488372093024,116,1,0.8620689655172413
1314,214,2,0.9345794392523363,116,2,1.7241379310344827
1315,213,4,1.8779342723004695,116,5,4.310344827586207
1316,213,1,0.4694835680751174,116,1,0.8620689655172413
1317,213,2,0.9389671361502347,116,4,3.4482758620689653
1318,213,5,2.3474178403755865,116,5,4.310344827586207
1319,213,1,0.4694835680751174,116,1,0.8620689655172413
1320,212,4,1.8867924528301887,116,2,1.7241379310344827
1321,212,2,0.9433962264150944,116,5,4.310344827586207
1322,212,3,1.4150943396226416,116,1,0.8620689655172413
1323,212,0,0.0,116,5,4.310344827586207
1324,212,0,0.0,115,5,4.3478260869565215
1325,212,2,0.9433962264150944,115,2,1.7391304347826086
1326,212,3,1.4150943396226416,115,0,0.0
1327,212,2,0.9433962264150944,115,3,2.608695652173913
1328,211,1,0.47393364928909953,115,3,2.608695652173913
1329,209,4,1.9138755980861244,114,1,0.8771929824561403
1330,207,4,1.932367149758454,114,1,0.8771929824561403
1331,206,0,0.0,114,1,0.8771929824561403
1332,205,2,0.975609756097561,113,2,1.7699115044247788
1333,205,2,0.975609756097561,113,1,0.8849557522123894
1334,205,5,2.4390243902439024,113,1,0.8849557522123894
1335,205,1,0.4878048780487805,113,4,3.5398230088495577
1336,203,4,1.9704433497536946,113,4,3.5398230088495577
1337,202,4,1.9801980198019802,113,2,1.7699115044247788
1338,202,0,0.0,113,3,2.6548672566371683
1339,200,3,1.5,113,5,4.424778761061947
1340,199,1,0.5025125628140703,113,6,5.3097345132743365
1341,199,3,1.507537688442211,113,5,4.424778761061947
1342,197,3,1.5228426395939088,113,6,5.3097345132743365
1343,197,5,2.5380710659898478,113,1,0.8849557522123894
1344,197,1,0.5076142131979695,113,2,1.7699115044247788
1345,197,1,0.5076142131979695,113,3,2.6548672566371683
1346,197,2,1.015228426395939,113,3,2.6548672566371683
1347,195,5,2.564102564102564,113,3,2.6548672566371683
1348,195,0,0.0,113,5,4.424778761061947
1349,195,5,2.564102564102564,113,3,2.6548672566371683
1350,194,1,0.5154639175257731,113,3,2.6548672566371683
1351,193,0,0.0,113,2,1.7699115044247788
1352,193,2,1.0362694300518136,113,3,2.6548672566371683
1353,191,3,1.5706806282722512,113,3,2.6548672566371683
1354,191,2,1.0471204188481675,113,3,2.6548672566371683
1355,190,1,0.5263157894736842,113,4,3.5398230088495577
1356,190,5,2.631578947368421,113,2,1.7699115044247788
1357,190,1,0.5263157894736842,113,4,3.5398230088495577
1358,188,2,1.0638297872340425,113,2,1.7699115044247788
1359,188,1,0.5319148936170213,113,3,2.6548672566371683
1360,188,3,1.5957446808510638,113,3,2.6548672566371683
1361,188,3,1.5957446808510638,113,2,1.7699115044247788
1362,188,1,0.5319148936170213,113,4,3.5398230088495577
1363,188,2,1.0638297872340425,113,0,0.0
1364,187,6,3.2085561497326207,113,0,0.0
1365,186,1,0.5376344086021506,113,4,3.5398230088495577
1366,184,3,1.6304347826086956,113,0,0.0
1367,184,2,1.0869565217391304,113,1,0.8849557522123894
1368,183,3,1.639344262295082,113,1,0.8849557522123894
1369,183,0,0.0,113,2,1.7699115044247788
1370,182,4,2.197802197802198,113,1,0.8849557522123894
1371,181,2,1.1049723756906076,113,4,3.5398230088495577
1372,181,0,0.0,113,2,1.7699115044247788
1373,181,2,1.1049723756906076,113,2,1.7699115044247788
1374,181,4,2.209944751381215,113,1,0.8849557522123894
1375,181,2,1.1049723756906076,113,4,3.5398230088495577
1376,180,2,1.1111111111111112,113,4,3.5398230088495577
1377,180,3,1.6666666666666667,113,4,3.5398230088495577
1378,180,1,0.5555555555555556,112,2,1.7857142857142856
1379,180,1,0.5555555555555556,112,2,1.7857142857142856
1380,179,4,2.2346368715083798,112,1,0.8928571428571428
1381,179,2,1.1173184357541899,112,2,1.7857142857142856
1382,179,2,1.1173184357541899,112,4,3.571428571428571
1383,177,0,0.0,112,4,3.571428571428571
1384,176,0,0.0,112,2,1.7857142857142856
1385,174,0,0.0,112,2,1.7857142857142856
1386,174,3,1.7241379310344827,112,5,4.464285714285714
1387,174,1,0.5747126436781609,112,4,3.571428571428571
1388,174,1,0.5747126436781609,112,2,1.7857142857142856
1389,174,1,0.5747126436781609,112,2,1.7857142857142856
1390,174,2,1.1494252873563218,112,3,2.6785714285714284
1391,173,2,1.1560693641618496,112,1,0.8928571428571428
1392,173,0,0.0,112,2,1.7857142857142856
1393,173,2,1.1560693641618496,112,2,1.7857142857142856
1394,172,1,0.5813953488372093,112,3,2.6785714285714284
1395,171,2,1.1695906432748537,112,6,5.357142857142857
1396,171,2,1.1695906432748537,112,0,0.0
1397,171,2,1.1695906432748537,112,2,1.7857142857142856
1398,170,1,0.5882352941176471,112,1,0.8928571428571428
1399,170,1,0.5882352941176471,112,0,0.0
1400,170,0,0.0,112,2,1.7857142857142856
1401,170,0,0.0,112,4,3.571428571428571
1402,170,1,0.5882352941176471,112,1,0.8928571428571428
1403,169,0,0.0,112,4,3.571428571428571
1404,169,0,0.0,112,2,1.7857142857142856
1405,169,1,0.591715976331361,112,5,4.464285714285714
1406,169,2,1.183431952662722,112,2,1.7857142857142856
1407,169,1,0.591715976331361,112,4,3.571428571428571
1408,169,1,0.591715976331361,112,0,0.0
1409,168,1,0.5952380952380952,112,1,0.8928571428571428
1410,167,2,1.1976047904191618,112,4,3.571428571428571
1411,167,1,0.5988023952095809,112,0,0.0
1412,167,2,1.1976047904191618,112,3,2.6785714285714284
1413,167,1,0.5988023952095809,112,2,1.7857142857142856
1414,167,0,0.0,112,3,2.6785714285714284
1415,166,1,0.6024096385542169,112,3,2.6785714285714284
1416,166,1,0.6024096385542169,112,2,1.7857142857142856
1417,165,2,1.2121212121212122,112,3,2.6785714285714284
1418,165,1,0.6060606060606061,112,0,0.0
1419,165,2,1.2121212121212122,112,2,1.7857142857142856
1420,164,0,0.0,112,5,4.464285714285714
1421,164,5,3.048780487804878,112,3,2.6785714285714284
1422,164,0,0.0,112,3,2.6785714285714284
1423,163,2,1.2269938650306749,112,2,1.7857142857142856
1424,163,3,1.8404907975460123,112,6,5.357142857142857
1425,163,1,0.6134969325153374,112,3,2.6785714285714284
1426,163,0,0.0,112,2,1.7857142857142856
1427,162,3,1.8518518518518516,112,0,0.0
1428,161,2,1.2422360248447204,112,0,0.0
1429,161,2,1.2422360248447204,112,0,0.0
1430,161,0,0.0,112,4,3.571428571428571
1431,161,1,0.6211180124223602,112,2,1.7857142857142856
1432,161,1,0.6211180124223602,112,2,1.7857142857142856
1433,161,0,0.0,112,5,4.464285714285714
1434,161,1,0.6211180124223602,112,1,0.8928571428571428
1435,161,4,2.484472049689441,112,3,2.6785714285714284
1436,161,1,0.6211180124223602,112,1,0.8928571428571428
1437,161,2,1.2422360248447204,112,1,0.8928571428571428
1438,158,2,1.2658227848101267,112,3,2.6785714285714284
1439,158,0,0.0,112,3,2.6785714285714284
1440,157,0,0.0,112,1,0.8928571428571428
1441,157,1,0.6369426751592357,112,0,0.0
1442,157,0,0.0,111,1,0.9009009009009009
1443,157,1,0.6369426751592357,111,1,0.9009009009009009
1444,157,0,0.0,111,2,1.8018018018018018
1445,157,1,0.6369426751592357,111,2,1.8018018018018018
1446,157,3,1.910828025477707,111,4,3.6036036036036037
1447,157,1,0.6369426751592357,111,2,1.8018018018018018
1448,155,3,1.935483870967742,111,3,2.7027027027027026
1449,155,2,1.2903225806451613,111,3,2.7027027027027026
1450,154,2,1.2987012987012987,111,2,1.8018018018018018
1451,154,1,0.6493506493506493,111,1,0.9009009009009009
1452,154,0,0.0,111,0,0.0
1453,153,1,0.6535947712418301,111,3,2.7027027027027026
1454,152,2,1.3157894736842104,111,5,4.504504504504505
1455,151,1,0.6622516556291391,111,1,0.9009009009009009
1456,151,1,0.6622516556291391,111,2,1.8018018018018018
1457,151,2,1.3245033112582782,111,0,0.0
1458,151,1,0.6622516556291391,111,0,0.0
1459,151,2,1.3245033112582782,111,1,0.9009009009009009
1460,150,2,1.3333333333333335,111,2,1.8018018018018018
1461,150,2,1.3333333333333335,111,3,2.7027027027027026
1462,150,1,0.6666666666666667,111,1,0.9009009009009009
1463,150,2,1.3333333333333335,111,2,1.8018018018018018
1464,150,2,1.3333333333333335,111,2,1.8018018018018018
1465,149,3,2.013422818791946,111,4,3.6036036036036037
1466,149,2,1.342281879194631,110,1,0.9090909090909091
1467,149,3,2.013422818791946,110,4,3.6363636363636362
1468,149,0,0.0,109,2,1.834862385321101
1469,149,0,0.0,109,0,0.0
1470,149,0,0.0,109,1,0.9174311926605505
1471,149,1,0.6711409395973155,109,1,0.9174311926605505
1472,149,2,1.342281879194631,109,3,2.7522935779816518
1473,147,1,0.6802721088435374,109,2,1.834862385321101
1474,146,0,0.0,109,2,1.834862385321101
1475,146,4,2.73972602739726,109,2,1.834862385321101
1476,145,2,1.3793103448275863,109,3,2.7522935779816518
1477,145,0,0.0,109,3,2.7522935779816518
1478,145,2,1.3793103448275863,109,3,2.7522935779816518
1479,145,1,0.6896551724137931,109,1,0.9174311926605505
1480,144,0,0.0,109,1,0.9174311926605505
1481,144,1,0.6944444444444444,109,0,0.0
1482,144,2,1.3888888888888888,109,1,0.9174311926605505
1483,144,4,2.7777777777777777,109,2,1.834862385321101
1484,143,3,2.097902097902098,108,1,0.9259259259259258
1485,142,0,0.0,108,3,2.7777777777777777
1486,142,0,0.0,108,1,0.9259259259259258
1487,141,0,0.0,108,3,2.7777777777777777
1488,140,2,1.4285714285714286,108,0,0.0
1489,140,0,0.0,108,0,0.0
1490,140,1,0.7142857142857143,108,2,1.8518518518518516
1491,139,1,0.7194244604316548,108,1,0.9259259259259258
1492,139,0,0.0,107,1,0.9345794392523363
1493,138,0,0.0,107,1,0.9345794392523363
1494,138,1,0.7246376811594203,107,3,2.803738317757009
1495,138,2,1.4492753623188406,107,2,1.8691588785046727
1496,138,1,0.7246376811594203,107,2,1.8691588785046727
1497,138,1,0.7246376811594203,107,0,0.0
1498,138,0,0.0,107,5,4.672897196261682
1499,138,1,0.7246376811594203,107,5,4.672897196261682
1500,137,1,0.7299270072992701,107,2,1.8691588785046727
1501,135,2,1.4814814814814816,107,1,0.9345794392523363
1502,135,2,1.4814814814814816,107,3,2.803738317757009
1503,135,1,0.7407407407407408,107,0,0.0
1504,135,1,0.7407407407407408,106,4,3.7735849056603774
1505,135,0,0.0,106,2,1.8867924528301887
1506,135,0,0.0,106,2,1.8867924528301887
1507,135,1,0.7407407407407408,106,1,0.9433962264150944
1508,135,3,2.2222222222222223,106,2,1.8867924528301887
1509,135,0,0.0,106,0,0.0
1510,135,4,2.9629629629629632,106,3,2.8301886792452833
1511,134,1,0.7462686567164178,106,2,1.8867924528301887
1512,133,1,0.7518796992481203,106,0,0.0
1513,133,2,1.5037593984962405,106,3,2.8301886792452833
1514,133,0,0.0,106,1,0.9433962264150944
1515,133,1,0.7518796992481203,106,1,0.9433962264150944
1516,133,0,0.0,106,2,1.8867924528301887
1517,133,1,0.7518796992481203,106,2,1.8867924528301887
1518,133,0,0.0,106,2,1.8867924528301887
1519,133,1,0.7518796992481203,106,3,2.8301886792452833
1520,133,4,3.007518796992481,106,4,3.7735849056603774
1521,133,3,2.2556390977443606,106,3,2.8301886792452833
1522,133,0,0.0,106,4,3.7735849056603774
1523,133,3,2.2556390977443606,106,4,3.7735849056603774
1524,133,1,0.7518796992481203,106,2,1.8867924528301887
1525,133,2,1.5037593984962405,106,1,0.9433962264150944
1526,133,1,0.7518796992481203,106,2,1.8867924528301887
1527,133,2,1.5037593984962405,106,1,0.9433962264150944
1528,133,1,0.7518796992481203,106,2,1.8867924528301887
1529,133,2,1.5037593984962405,106,3,2.8301886792452833
1530,133,1,0.7518796992481203,106,2,1.8867924528301887
1531,133,1,0.7518796992481203,106,3,2.8301886792452833
1532,133,0,0.0,105,0,0.0
1533,132,3,2.272727272727273,105,0,0.0
1534,131,0,0.0,105,4,3.8095238095238098
1535,130,3,2.307692307692308,105,2,1.9047619047619049
1536,129,2,1.550387596899225,105,2,1.9047619047619049
1537,129,1,0.7751937984496124,104,1,0.9615384615384616
1538,129,0,0.0,104,2,1.9230769230769231
1539,129,3,2.3255813953488373,104,2,1.9230769230769231
1540,129,4,3.10077519379845,104,4,3.8461538461538463
1541,129,2,1.550387596899225,104,4,3.8461538461538463
1542,128,4,3.125,104,4,3.8461538461538463
1543,128,1,0.78125,104,2,1.9230769230769231
1544,128,1,0.78125,103,2,1.9417475728155338
1545,128,2,1.5625,103,0,0.0
1546,128,0,0.0,103,3,2.912621359223301
1547,128,1,0.78125,103,1,0.9708737864077669
1548,128,2,1.5625,103,1,0.9708737864077669
1549,127,1,0.7874015748031495,103,3,2.912621359223301
1550,127,4,3.149606299212598,103,1,0.9708737864077669
1551,127,2,1.574803149606299,103,2,1.9417475728155338
1552,127,3,2.3622047244094486,103,1,0.9708737864077669
1553,126,1,0.7936507936507936,103,2,1.9417475728155338
1554,126,3,2.380952380952381,103,1,0.9708737864077669
1555,126,1,0.7936507936507936,103,5,4.854368932038835
1556,126,4,3.1746031746031744,102,3,2.941176470588235
1557,126,1,0.7936507936507936,102,0,0.0
1558,126,3,2.380952380952381,102,1,0.9803921568627451
1559,126,2,1.5873015873015872,102,3,2.941176470588235
1560,126,2,1.5873015873015872,102,1,0.9803921568627451
1561,126,1,0.7936507936507936,102,3,2.941176470588235
1562,126,0,0.0,102,3,2.941176470588235
1563,126,1,0.7936507936507936,102,1,0.9803921568627451
1564,126,0,0.0,102,2,1.9607843137254901
1565,125,2,1.6,102,2,1.9607843137254901
1566,125,2,1.6,102,1,0.9803921568627451
1567,125,4,3.2,102,1,0.9803921568627451
1568,125,0,0.0,102,3,2.941176470588235
1569,125,4,3.2,102,3,2.941176470588235
1570,125,0,0.0,102,2,1.9607843137254901
1571,125,1,0.8,102,0,0.0
1572,125,1,0.8,102,1,0.9803921568627451
1573,125,1,0.8,102,2,1.9607843137254901
1574,124,0,0.0,102,3,2.941176470588235
1575,124,2,1.6129032258064515,102,2,1.9607843137254901
1576,124,2,1.6129032258064515,102,0,0.0
1577,123,2,1.6260162601626018,102,3,2.941176470588235
1578,123,2,1.6260162601626018,102,3,2.941176470588235
1579,123,1,0.8130081300813009,101,4,3.9603960396039604
1580,123,2,1.6260162601626018,101,1,0.9900990099009901
1581,122,1,0.819672131147541,101,4,3.9603960396039604
1582,122,0,0.0,101,1,0.9900990099009901
1583,122,1,0.819672131147541,101,4,3.9603960396039604
1584,122,0,0.0,101,1,0.9900990099009901
1585,122,1,0.819672131147541,101,3,2.9702970297029703
1586,122,1,0.819672131147541,101,0,0.0
1587,121,2,1.6528925619834711,101,2,1.9801980198019802
1588,121,0,0.0,101,2,1.9801980198019802
1589,121,0,0.0,100,3,3.0
1590,121,0,0.0,100,2,2.0
1591,121,0,0.0,100,5,5.0
1592,121,1,0.8264462809917356,100,4,4.0
1593,121,0,0.0,100,3,3.0
1594,121,1,0.8264462809917356,100,2,2.0
1595,121,2,1.6528925619834711,100,4,4.0
1596,121,1,0.8264462809917356,100,1,1.0
1597,121,1,0.8264462809917356,100,0,0.0
1598,121,1,0.8264462809917356,100,0,0.0
1599,121,1,0.8264462809917356,100,2,2.0
1600,121,1,0.8264462809917356,100,2,2.0
